date,region_id,revenue,cogs,gross profit,payroll,marketing,it,travel,opex,ebitda,ebitda margin,version
2024-01-01,APAC,645985.0857432148,-303612.9902993109,949598.0760425257,-70833.33333333331,-18333.33333333333,-9166.666666666666,-6250.0,-104583.33333333331,845014.7427091924,1.3081025574096516,actual
2024-01-01,EU,761369.223512045,-357843.53505066107,1119212.758562706,-70833.33333333331,-18333.33333333333,-9166.666666666666,-6250.0,-104583.33333333331,1014629.4252293727,1.332637823931323,actual
2024-01-01,OTHER,537595.821437765,-252670.0360757496,790265.8575135146,-70833.33333333331,-18333.33333333333,-9166.666666666666,-6250.0,-104583.33333333331,685682.5241801813,1.2754610375251207,actual
2024-02-01,APAC,776667.833964932,-365033.8819635181,1141701.7159284502,-70833.33333333331,-18333.33333333333,-9166.666666666666,-6250.0,-104583.33333333331,1037118.382595117,1.3353435500226276,actual
2024-02-01,EU,809839.5243213227,-380624.57643102156,1190464.1007523444,-70833.33333333331,-18333.33333333333,-9166.666666666666,-6250.0,-104583.33333333331,1085880.767419011,1.3408591885275318,actual
2024-02-01,OTHER,885044.7685060815,-415971.0411978583,1301015.8097039398,-70833.33333333331,-18333.33333333333,-9166.666666666666,-6250.0,-104583.33333333331,1196432.4763706066,1.351832719592405,actual
2024-03-01,APAC,652042.3681506988,-306459.9130308284,958502.2811815273,-70833.33333333331,-18333.33333333333,-9166.666666666666,-6250.0,-104583.33333333331,853918.947848194,1.3096065371795562,actual
2024-03-01,EU,705646.9282537507,-331654.0562792628,1037300.9845330135,-70833.33333333331,-18333.33333333333,-9166.666666666666,-6250.0,-104583.33333333331,932717.6511996803,1.3217908473120639,actual
2024-03-01,OTHER,652388.5908307035,-306622.63769043057,959011.228521134,-70833.33333333331,-18333.33333333333,-9166.666666666666,-6250.0,-104583.33333333331,854427.8951878008,1.30969165800376,actual
2024-04-01,APAC,820355.7688657512,-385567.21136690315,1205922.9802326544,-70833.33333333331,-18333.33333333333,-9166.666666666666,-6250.0,-104583.33333333331,1101339.6468993211,1.3425146609526093,actual
2024-04-01,EU,765230.9992429641,-359658.56964419305,1124889.5688871571,-70833.33333333331,-18333.33333333333,-9166.666666666666,-6250.0,-104583.33333333331,1020306.2355538239,1.3333310288830476,actual
2024-04-01,OTHER,917400.656064412,-431178.3083502735,1348578.9644146855,-70833.33333333331,-18333.33333333333,-9166.666666666666,-6250.0,-104583.33333333331,1243995.6310813522,1.3560003722016192,actual
2024-05-01,APAC,1220484.2697113322,-573627.6067643261,1794111.8764756583,-70833.33333333331,-18333.33333333333,-9166.666666666666,-6250.0,-104583.33333333331,1689528.543142325,1.3843099702890318,actual
2024-05-01,EU,982212.1427120535,-461639.707074665,1443851.8497867184,-70833.33333333331,-18333.33333333333,-9166.666666666666,-6250.0,-104583.33333333331,1339268.5164533851,1.3635226629915598,actual
2024-05-01,OTHER,758965.7968726264,-356713.92453013436,1115679.7214027608,-70833.33333333331,-18333.33333333333,-9166.666666666666,-6250.0,-104583.33333333331,1011096.3880694276,1.332202837381768,actual
2024-06-01,APAC,626404.0957740407,-294409.92501379905,920814.0207878398,-70833.33333333331,-18333.33333333333,-9166.666666666666,-6250.0,-104583.33333333331,816230.6874545065,1.3030417472700258,actual
2024-06-01,EU,726786.0286999977,-341589.43348899885,1068375.4621889966,-70833.33333333331,-18333.33333333333,-9166.666666666666,-6250.0,-104583.33333333331,963792.1288556634,1.3261016183533392,actual
2024-06-01,OTHER,848600.0617919997,-398842.02904223977,1247442.0908342395,-70833.33333333331,-18333.33333333333,-9166.666666666666,-6250.0,-104583.33333333331,1142858.7575009062,1.3467578061301535,actual
2024-07-01,APAC,864877.7434028364,-406492.53939933307,1271370.2828021694,-70833.33333333331,-18333.33333333333,-9166.666666666666,-6250.0,-104583.33333333331,1166786.9494688362,1.3490773214699072,actual
2024-07-01,EU,656319.5984278255,-308470.211261078,964789.8096889035,-70833.33333333331,-18333.33333333333,-9166.666666666666,-6250.0,-104583.33333333331,860206.4763555701,1.3106518202658333,actual
2024-07-01,OTHER,746608.4129527928,-350905.9540878126,1097514.3670406055,-70833.33333333331,-18333.33333333333,-9166.666666666666,-6250.0,-104583.33333333331,992931.0337072723,1.3299221070658551,actual
2024-08-01,APAC,905345.9824560295,-425512.611754334,1330858.5942103635,-70833.33333333331,-18333.33333333333,-9166.666666666666,-6250.0,-104583.33333333331,1226275.2608770302,1.3544824681834686,actual
2024-08-01,EU,725229.9011808031,-340858.05355497746,1066087.9547357806,-70833.33333333331,-18333.33333333333,-9166.666666666666,-6250.0,-104583.33333333331,961504.6214024473,1.325792855254516,actual
2024-08-01,OTHER,864070.2031647351,-406112.9954874255,1270183.1986521606,-70833.33333333331,-18333.33333333333,-9166.666666666666,-6250.0,-104583.33333333331,1165599.8653188273,1.3489643099018027,actual
2024-09-01,APAC,851151.9839037191,-400041.432434748,1251193.416338467,-70833.33333333331,-18333.33333333333,-9166.666666666666,-6250.0,-104583.33333333331,1146610.0830051338,1.3471273106200459,actual
2024-09-01,EU,994745.049046068,-467530.17305165186,1462275.2220977198,-70833.33333333331,-18333.33333333333,-9166.666666666666,-6250.0,-104583.33333333331,1357691.8887643865,1.3648641831053838,actual
2024-09-01,OTHER,503185.72591120284,-236497.29117826532,739683.0170894682,-70833.33333333331,-18333.33333333333,-9166.666666666666,-6250.0,-104583.33333333331,635099.6837561349,1.2621575912274803,actual
2024-10-01,APAC,410410.69046861294,-192893.0245202481,603303.714988861,-70833.33333333331,-18333.33333333333,-9166.666666666666,-6250.0,-104583.33333333331,498720.3816555277,1.215173954377459,actual
2024-10-01,EU,824207.7789319896,-387377.6560980351,1211585.4350300247,-70833.33333333331,-18333.33333333333,-9166.666666666666,-6250.0,-104583.33333333331,1107002.1016966915,1.3431104752871266,actual
2024-10-01,OTHER,572695.690349206,-269166.97446412675,841862.6648133327,-70833.33333333331,-18333.33333333333,-9166.666666666666,-6250.0,-104583.33333333331,737279.3314799995,1.287384109753711,actual
2024-11-01,APAC,665088.334415458,-312591.51717526524,977679.8515907233,-70833.33333333331,-18333.33333333333,-9166.666666666666,-6250.0,-104583.33333333331,873096.51825739,1.3127527173134814,actual
2024-11-01,EU,697294.8761234118,-327728.59177800355,1025023.4679014154,-70833.33333333331,-18333.33333333333,-9166.666666666666,-6250.0,-104583.33333333331,920440.1345680822,1.3200156290911518,actual
2024-11-01,OTHER,555722.402372027,-261189.5291148527,816911.9314868797,-70833.33333333331,-18333.33333333333,-9166.666666666666,-6250.0,-104583.33333333331,712328.5981535465,1.281806519069713,actual
2024-12-01,APAC,812851.9241072256,-382040.4043303961,1194892.3284376217,-70833.33333333331,-18333.33333333333,-9166.666666666666,-6250.0,-104583.33333333331,1090308.9951042884,1.3413377796968378,actual
2024-12-01,EU,544767.0888292006,-256040.53174972426,800807.6205789249,-70833.33333333331,-18333.33333333333,-9166.666666666666,-6250.0,-104583.33333333331,696224.2872455916,1.2780219317982278,actual
2024-12-01,OTHER,778152.1422749236,-365731.50686921406,1143883.6491441377,-70833.33333333331,-18333.33333333333,-9166.666666666666,-6250.0,-104583.33333333331,1039300.3158108045,1.3356004042762326,actual
2025-01-01,APAC,708876.4260881053,-333171.9202614095,1042048.3463495148,-70833.33333333331,-18333.33333333333,-9166.666666666666,-6250.0,-104583.33333333331,937465.0130161815,1.3224660582797618,actual
2025-01-01,EU,767275.4204953469,-360619.44763281295,1127894.8681281598,-70833.33333333331,-18333.33333333333,-9166.666666666666,-6250.0,-104583.33333333331,1023311.5347948265,1.3336951861877508,actual
2025-01-01,OTHER,747684.9107595347,-351411.9080569813,1099096.818816516,-70833.33333333331,-18333.33333333333,-9166.666666666666,-6250.0,-104583.33333333331,994513.4854831828,1.3301237876700063,actual
2025-02-01,APAC,647896.9314340571,-304511.55777400674,952408.4892080638,-70833.33333333331,-18333.33333333333,-9166.666666666666,-6250.0,-104583.33333333331,847825.1558747306,1.3085802922359144,actual
2025-02-01,EU,1091445.5694839526,-512979.41765745776,1604424.9871414104,-70833.33333333331,-18333.33333333333,-9166.666666666666,-6250.0,-104583.33333333331,1499841.653808077,1.3741790664991371,actual
2025-02-01,OTHER,920315.4162692685,-432548.2456465561,1352863.6619158245,-70833.33333333331,-18333.33333333333,-9166.666666666666,-6250.0,-104583.33333333331,1248280.3285824913,1.3563614240460207,actual
2025-03-01,APAC,486366.0777087968,-228592.0565231345,714958.1342319313,-70833.33333333331,-18333.33333333333,-9166.666666666666,-6250.0,-104583.33333333331,610374.800898598,1.2549699267144394,actual
2025-03-01,EU,839301.7051198891,-394471.80140634783,1233773.506526237,-70833.33333333331,-18333.33333333333,-9166.666666666666,-6250.0,-104583.33333333331,1129190.1731929036,1.3453924450583663,actual
2025-03-01,OTHER,940134.9999078524,-441863.4499566906,1381998.449864543,-70833.33333333331,-18333.33333333333,-9166.666666666666,-6250.0,-104583.33333333331,1277415.1165312098,1.3587571111132082,actual
2025-04-01,APAC,832697.5197510298,-391367.83428298397,1224065.3540340138,-70833.33333333331,-18333.33333333333,-9166.666666666666,-6250.0,-104583.33333333331,1119482.0207006806,1.344404173361051,actual
2025-04-01,EU,836472.6924573833,-393142.1654549701,1229614.8579123532,-70833.33333333331,-18333.33333333333,-9166.666666666666,-6250.0,-104583.33333333331,1125031.52457902,1.3449710130690706,actual
2025-04-01,OTHER,772606.2313564577,-363124.928737535,1135731.1600939927,-70833.33333333331,-18333.33333333333,-9166.666666666666,-6250.0,-104583.33333333331,1031147.8267606595,1.3346356590345934,actual
2025-05-01,APAC,876305.4512882823,-411863.56210549275,1288169.013393775,-70833.33333333331,-18333.33333333333,-9166.666666666666,-6250.0,-104583.33333333331,1183585.6800604418,1.3506542476945886,actual
2025-05-01,EU,903010.9966832504,-424415.16844112775,1327426.1651243782,-70833.33333333331,-18333.33333333333,-9166.666666666666,-6250.0,-104583.33333333331,1222842.831791045,1.3541837655161824,actual
2025-05-01,OTHER,914243.7846054065,-429694.57876454096,1343938.3633699473,-70833.33333333331,-18333.33333333333,-9166.666666666666,-6250.0,-104583.33333333331,1239355.030036614,1.3556067330241985,actual
2025-06-01,APAC,662206.1267757885,-311236.87958462053,973443.0063604091,-70833.33333333331,-18333.33333333333,-9166.666666666666,-6250.0,-104583.33333333331,868859.6730270758,1.3120683090889864,actual
2025-06-01,EU,966465.3560945216,-454238.7173644251,1420704.0734589468,-70833.33333333331,-18333.33333333333,-9166.666666666666,-6250.0,-104583.33333333331,1316120.7401256135,1.3617878093882707,actual
2025-06-01,OTHER,1012685.179317208,-475962.03427908773,1488647.2135962958,-70833.33333333331,-18333.33333333333,-9166.666666666666,-6250.0,-104583.33333333331,1384063.8802629625,1.3667267069082147,actual
2025-07-01,APAC,1017070.472792406,-478023.12221243075,1495093.5950048368,-70833.33333333331,-18333.33333333333,-9166.666666666666,-6250.0,-104583.33333333331,1390510.2616715035,1.36717198942351,actual
2025-07-01,EU,905632.5729237009,-425647.30927413946,1331279.8821978404,-70833.33333333331,-18333.33333333333,-9166.666666666666,-6250.0,-104583.33333333331,1226696.548864507,1.3545190240941738,actual
2025-07-01,OTHER,466867.02852084744,-219427.50340479825,686294.5319256457,-70833.33333333331,-18333.33333333333,-9166.666666666666,-6250.0,-104583.33333333331,581711.1985923124,1.24598903554042,actual
2025-08-01,APAC,967204.6188442431,-454586.1708567942,1421790.7897010373,-70833.33333333331,-18333.33333333333,-9166.666666666666,-6250.0,-104583.33333333331,1317207.456367704,1.3618705191272715,actual
2025-08-01,EU,814633.4792354443,-382877.7352406588,1197511.2144761032,-70833.33333333331,-18333.33333333333,-9166.666666666666,-6250.0,-104583.33333333331,1092927.88114277,1.3416191563456397,actual
2025-08-01,OTHER,639175.9609638589,-300412.70165301365,939588.6626168725,-70833.33333333331,-18333.33333333333,-9166.666666666666,-6250.0,-104583.33333333331,835005.3292835392,1.3063778681920004,actual
2025-09-01,APAC,668740.6039652944,-314308.08386368834,983048.6878289827,-70833.33333333331,-18333.33333333333,-9166.666666666666,-6250.0,-104583.33333333331,878465.3544956495,1.3136115098840913,actual
2025-09-01,EU,891180.8548025346,-418855.00175719114,1310035.8565597257,-70833.33333333331,-18333.33333333333,-9166.666666666666,-6250.0,-104583.33333333331,1205452.5232263925,1.3526463419072141,actual
2025-09-01,OTHER,568928.0039954394,-267396.1618778565,836324.1658732959,-70833.33333333331,-18333.33333333333,-9166.666666666666,-6250.0,-104583.33333333331,731740.8325399626,1.2861747486520778,actual
2025-10-01,APAC,572726.6318072554,-269181.51694941,841908.1487566654,-70833.33333333331,-18333.33333333333,-9166.666666666666,-6250.0,-104583.33333333331,737324.8154233322,1.2873939755458592,actual
2025-10-01,EU,643271.0631394085,-302337.39967552194,945608.4628149304,-70833.33333333331,-18333.33333333333,-9166.666666666666,-6250.0,-104583.33333333331,841025.1294815971,1.3074194964982153,actual
2025-10-01,OTHER,802291.171687813,-377076.85069327214,1179368.0223810852,-70833.33333333331,-18333.33333333333,-9166.666666666666,-6250.0,-104583.33333333331,1074784.689047752,1.3396441678233642,actual
2025-11-01,APAC,540808.089665582,-254179.80214282355,794987.8918084056,-70833.33333333331,-18333.33333333333,-9166.666666666666,-6250.0,-104583.33333333331,690404.5584750723,1.2766165515423331,actual
2025-11-01,EU,944907.620745403,-444106.58175033936,1389014.2024957424,-70833.33333333331,-18333.33333333333,-9166.666666666666,-6250.0,-104583.33333333331,1284430.869162409,1.3593189862826682,actual
2025-11-01,OTHER,803070.2119689628,-377442.9996254125,1180513.2115943753,-70833.33333333331,-18333.33333333333,-9166.666666666666,-6250.0,-104583.33333333331,1075929.878261042,1.339770623073023,actual
2025-12-01,APAC,851966.4549771572,-400424.2338392639,1252390.6888164212,-70833.33333333331,-18333.33333333333,-9166.666666666666,-6250.0,-104583.33333333331,1147807.355483088,1.34724477563364,actual
2025-12-01,EU,627124.7631628047,-294748.6386865182,921873.4018493228,-70833.33333333331,-18333.33333333333,-9166.666666666666,-6250.0,-104583.33333333331,817290.0685159895,1.3032336092010084,actual
2025-12-01,OTHER,616920.0840372414,-289952.43949750345,906872.5235347449,-70833.33333333331,-18333.33333333333,-9166.666666666666,-6250.0,-104583.33333333331,802289.1902014115,1.3004750711811484,actual
2026-01-01,APAC,856593.2266675859,-402598.8165337653,1259192.043201351,-70833.33333333331,-18333.33333333333,-9166.666666666666,-6250.0,-104583.33333333331,1154608.7098680178,1.3479078212651818,actual
2026-01-01,EU,850916.5181277251,-399930.76352003077,1250847.2816477558,-70833.33333333331,-18333.33333333333,-9166.666666666666,-6250.0,-104583.33333333331,1146263.9483144225,1.3470933092667556,actual
2026-01-01,OTHER,789727.3455021031,-371171.8523859885,1160899.1978880917,-70833.33333333331,-18333.33333333333,-9166.666666666666,-6250.0,-104583.33333333331,1056315.8645547584,1.3375703280011917,actual
2026-02-01,APAC,644591.3908439658,-302957.9536966639,947549.3445406298,-70833.33333333331,-18333.33333333333,-9166.666666666666,-6250.0,-104583.33333333331,842966.0112072965,1.3077525129580123,actual
2026-02-01,EU,1044351.7272721056,-490845.3118178896,1535197.0390899952,-70833.33333333331,-18333.33333333333,-9166.666666666666,-6250.0,-104583.33333333331,1430613.705756662,1.3698581315066047,actual
2026-02-01,OTHER,839866.9397855124,-394737.4616991907,1234604.4014847032,-70833.33333333331,-18333.33333333333,-9166.666666666666,-6250.0,-104583.33333333331,1130021.06815137,1.345476306568226,actual
2026-03-01,APAC,689889.1030211893,-324247.878419959,1014136.9814411483,-70833.33333333331,-18333.33333333333,-9166.666666666666,-6250.0,-104583.33333333331,909553.6481078151,1.3184055873975429,actual
2026-03-01,EU,732966.325439301,-344494.1729564714,1077460.4983957724,-70833.33333333331,-18333.33333333333,-9166.666666666666,-6250.0,-104583.33333333331,972877.1650624392,1.3273149547209395,actual
2026-03-01,OTHER,854131.9520157278,-401442.0174473921,1255573.9694631197,-70833.33333333331,-18333.33333333333,-9166.666666666666,-6250.0,-104583.33333333331,1150990.6361297865,1.34755599929669,actual
2026-04-01,APAC,815671.5969726009,-383365.6505771224,1199037.2475497234,-70833.33333333331,-18333.33333333333,-9166.666666666666,-6250.0,-104583.33333333331,1094453.91421639,1.3417825486120902,actual
2026-04-01,EU,732933.2698438106,-344478.63682659104,1077411.9066704016,-70833.33333333331,-18333.33333333333,-9166.666666666666,-6250.0,-104583.33333333331,972828.5733370683,1.327308519566017,actual
2026-04-01,OTHER,921069.4883294762,-432902.65951485385,1353972.14784433,-70833.33333333331,-18333.33333333333,-9166.666666666666,-6250.0,-104583.33333333331,1249388.8145109967,1.356454459019141,actual
2026-05-01,APAC,922024.2567455178,-433351.40067039337,1355375.657415911,-70833.33333333331,-18333.33333333333,-9166.666666666666,-6250.0,-104583.33333333331,1250792.3240825778,1.3565720369413243,actual
2026-05-01,EU,833225.2000646839,-391615.8440304015,1224841.0440950855,-70833.33333333331,-18333.33333333333,-9166.666666666666,-6250.0,-104583.33333333331,1120257.7107617522,1.3444837130163438,actual
2026-05-01,OTHER,603956.8576984487,-283859.7231182709,887816.5808167197,-70833.33333333331,-18333.33333333333,-9166.666666666666,-6250.0,-104583.33333333331,783233.2474833864,1.2968364172039075,actual
2026-06-01,APAC,680750.3285515968,-319952.6544192505,1000702.9829708473,-70833.33333333331,-18333.33333333333,-9166.666666666666,-6250.0,-104583.33333333331,896119.649637514,1.316370498923077,actual
2026-06-01,EU,792796.1636869886,-372614.1969328847,1165410.3606198733,-70833.33333333331,-18333.33333333333,-9166.666666666666,-6250.0,-104583.33333333331,1060827.02728654,1.3380829472648346,actual
2026-06-01,OTHER,540283.0427232088,-253933.0300799081,794216.0728031169,-70833.33333333331,-18333.33333333333,-9166.666666666666,-6250.0,-104583.33333333331,689632.7394697836,1.276428621549553,actual
2026-07-01,APAC,705408.2010633681,-331541.854499783,1036950.0555631511,-70833.33333333331,-18333.33333333333,-9166.666666666666,-6250.0,-104583.33333333331,932366.7222298179,1.321740689751439,actual
2026-07-01,EU,796936.4641636218,-374560.13815690216,1171496.602320524,-70833.33333333331,-18333.33333333333,-9166.666666666666,-6250.0,-104583.33333333331,1066913.2689871907,1.338768292033051,actual
2026-07-01,OTHER,958419.796193317,-450457.304210859,1408877.100404176,-70833.33333333331,-18333.33333333333,-9166.666666666666,-6250.0,-104583.33333333331,1304293.7670708427,1.3608794103077577,actual
2026-08-01,APAC,1037062.6544610407,-487419.44759668905,1524482.1020577298,-70833.33333333331,-18333.33333333333,-9166.666666666666,-6250.0,-104583.33333333331,1419898.7687243966,1.3691542768573757,actual
2026-08-01,EU,620130.7420699946,-291461.44877289736,911592.1908428919,-70833.33333333331,-18333.33333333333,-9166.666666666666,-6250.0,-104583.33333333331,807008.8575095586,1.3013527676692263,actual
2026-08-01,OTHER,698383.447424026,-328240.22028929216,1026623.6677133181,-70833.33333333331,-18333.33333333333,-9166.666666666666,-6250.0,-104583.33333333331,922040.3343799848,1.320249409949381,actual
2026-09-01,APAC,793238.4025863174,-372822.0492155692,1166060.4518018865,-70833.33333333331,-18333.33333333333,-9166.666666666666,-6250.0,-104583.33333333331,1061477.1184685533,1.338156492433619,actual
2026-09-01,EU,740691.5364389436,-348125.02212630346,1088816.558565247,-70833.33333333331,-18333.33333333333,-9166.666666666666,-6250.0,-104583.33333333331,984233.2252319138,1.3288031208832987,actual
2026-09-01,OTHER,852445.397386533,-400649.3367716705,1253094.7341582035,-70833.33333333331,-18333.33333333333,-9166.666666666666,-6250.0,-104583.33333333331,1148511.4008248702,1.3473137450750867,actual
2026-10-01,APAC,707961.1658590209,-332741.74795373983,1040702.9138127607,-70833.33333333331,-18333.33333333333,-9166.666666666666,-6250.0,-104583.33333333331,936119.5804794275,1.3222753247257077,actual
2026-10-01,EU,842030.7082667903,-395754.4328853914,1237785.1411521817,-70833.33333333331,-18333.33333333333,-9166.666666666666,-6250.0,-104583.33333333331,1133201.8078188484,1.3457962954241842,actual
2026-10-01,OTHER,570783.0405362707,-268268.0290520473,839051.069588318,-70833.33333333331,-18333.33333333333,-9166.666666666666,-6250.0,-104583.33333333331,734467.7362549847,1.2867721780327015,actual
2026-11-01,APAC,975125.694167388,-458309.0762586724,1433434.7704260605,-70833.33333333331,-18333.33333333333,-9166.666666666666,-6250.0,-104583.33333333331,1328851.4370927273,1.36274886923923,actual
2026-11-01,EU,702048.6836702095,-329962.88132499845,1032011.5649952079,-70833.33333333331,-18333.33333333333,-9166.666666666666,-6250.0,-104583.33333333331,927428.2316618746,1.3210312236658763,actual
2026-11-01,OTHER,789914.4460008602,-371259.7896204042,1161174.2356212644,-70833.33333333331,-18333.33333333333,-9166.666666666666,-6250.0,-104583.33333333331,1056590.9022879312,1.337601695521822,actual
2026-12-01,APAC,898692.3953067077,-422385.4257941525,1321077.8211008601,-70833.33333333331,-18333.33333333333,-9166.666666666666,-6250.0,-104583.33333333331,1216494.4877675269,1.3536272189689098,actual
2026-12-01,EU,751349.7260086301,-353134.3712240561,1104484.0972326864,-70833.33333333331,-18333.33333333333,-9166.666666666666,-6250.0,-104583.33333333331,999900.7638993531,1.3308060538081146,actual
2026-12-01,OTHER,580381.7538313221,-272779.4243007214,853161.1781320435,-70833.33333333331,-18333.33333333333,-9166.666666666666,-6250.0,-104583.33333333331,748577.8447987102,1.2898025133579085,actual
2024-01-01,APAC,671824.4891729434,-297540.7304933247,969365.2196662681,-68708.33333333331,-17783.333333333332,-8891.666666666666,-6062.5,-101445.83333333331,867919.3863329347,1.2918841160455403,budget
2024-01-01,EU,791823.9924525269,-350686.6643496479,1142510.6568021749,-68708.33333333331,-17783.333333333332,-8891.666666666666,-6062.5,-101445.83333333331,1041064.8234688416,1.3147679703974842,budget
2024-01-01,OTHER,559099.6542952758,-247616.6353542346,806716.2896495104,-68708.33333333331,-17783.333333333332,-8891.666666666666,-6062.5,-101445.83333333331,705270.456316177,1.2614396215378527,budget
2024-02-01,APAC,807734.5473235294,-357733.2043242477,1165467.7516477772,-68708.33333333331,-17783.333333333332,-8891.666666666666,-6062.5,-101445.83333333331,1064021.918314444,1.317291580309566,budget
2024-02-01,EU,842233.1052941754,-373012.0849024011,1215245.1901965765,-68708.33333333331,-17783.333333333332,-8891.666666666666,-6062.5,-101445.83333333331,1113799.3568632433,1.3224359739151017,budget
2024-02-01,OTHER,920446.5592463248,-407651.6203739011,1328098.179620226,-68708.33333333331,-17783.333333333332,-8891.666666666666,-6062.5,-101445.83333333331,1226652.3462868927,1.3326709019275313,budget
2024-03-01,APAC,678124.0628767268,-300330.71477021184,978454.7776469387,-68708.33333333331,-17783.333333333332,-8891.666666666666,-6062.5,-101445.83333333331,877008.9443136053,1.293286866407855,budget
2024-03-01,EU,733872.8053839008,-325020.97515367763,1058893.7805375783,-68708.33333333331,-17783.333333333332,-8891.666666666666,-6062.5,-101445.83333333331,957447.947204245,1.3046510787429826,budget
2024-03-01,OTHER,678484.1344639317,-300490.184936622,978974.3194005536,-68708.33333333331,-17783.333333333332,-8891.666666666666,-6062.5,-101445.83333333331,877528.4860672203,1.2933662579458147,budget
2024-04-01,APAC,853169.9996203814,-377855.867139565,1231025.8667599463,-68708.33333333331,-17783.333333333332,-8891.666666666666,-6062.5,-101445.83333333331,1129580.033426613,1.3239800203115681,budget
2024-04-01,EU,795840.2392126827,-352465.39825130923,1148305.637463992,-68708.33333333331,-17783.333333333332,-8891.666666666666,-6062.5,-101445.83333333331,1046859.8041306587,1.3154145173236118,budget
2024-04-01,OTHER,954096.6823069884,-422554.7421832681,1376651.4244902565,-68708.33333333331,-17783.333333333332,-8891.666666666666,-6062.5,-101445.83333333331,1275205.5911569232,1.3365580394572794,budget
2024-05-01,APAC,1269303.6404997855,-562155.0546290396,1831458.695128825,-68708.33333333331,-17783.333333333332,-8891.666666666666,-6062.5,-101445.83333333331,1730012.8617954918,1.36296218382727,budget
2024-05-01,EU,1021500.6284205356,-452406.9129331717,1473907.5413537072,-68708.33333333331,-17783.333333333332,-8891.666666666666,-6062.5,-101445.83333333331,1372461.708020374,1.3435740222132817,budget
2024-05-01,OTHER,789324.4287475316,-349579.64603953174,1138904.0747870633,-68708.33333333331,-17783.333333333332,-8891.666666666666,-6062.5,-101445.83333333331,1037458.24145373,1.3143622617887645,budget
2024-06-01,APAC,651460.2596050022,-288521.7265135231,939981.9861185253,-68708.33333333331,-17783.333333333332,-8891.666666666666,-6062.5,-101445.83333333331,838536.152785192,1.28716393735762,budget
2024-06-01,EU,755857.4698479975,-334757.6448192189,1090615.1146672163,-68708.33333333331,-17783.333333333332,-8891.666666666666,-6062.5,-101445.83333333331,989169.2813338831,1.3086717017334026,budget
2024-06-01,OTHER,882544.0642636798,-390865.1884613951,1273409.252725075,-68708.33333333331,-17783.333333333332,-8891.666666666666,-6062.5,-101445.83333333331,1171963.4193917417,1.3279375691790858,budget
2024-07-01,APAC,899472.8531389498,-398362.6886113464,1297835.5417502963,-68708.33333333331,-17783.333333333332,-8891.666666666666,-6062.5,-101445.83333333331,1196389.708416963,1.3301009632940481,budget
2024-07-01,EU,682572.3823649385,-302300.8070358564,984873.1894007949,-68708.33333333331,-17783.333333333332,-8891.666666666666,-6062.5,-101445.83333333331,883427.3560674617,1.2942617939017869,budget
2024-07-01,OTHER,776472.7494709046,-343887.83500605635,1120360.5844769608,-68708.33333333331,-17783.333333333332,-8891.666666666666,-6062.5,-101445.83333333331,1018914.7511436276,1.3122350421671916,budget
2024-08-01,APAC,941559.8217542708,-417002.35951924726,1358562.1812735181,-68708.33333333331,-17783.333333333332,-8891.666666666666,-6062.5,-101445.83333333331,1257116.3479401849,1.3351423020557351,budget
2024-08-01,EU,754239.0972280353,-334040.8924838779,1088279.9897119133,-68708.33333333331,-17783.333333333332,-8891.666666666666,-6062.5,-101445.83333333331,986834.15637858,1.3083837207662312,budget
2024-08-01,OTHER,898633.0112913245,-397990.73557767697,1296623.7468690015,-68708.33333333331,-17783.333333333332,-8891.666666666666,-6062.5,-101445.83333333331,1195177.9135356683,1.3299955582737968,budget
2024-09-01,APAC,885198.063259868,-392040.60378605296,1277238.6670459209,-68708.33333333331,-17783.333333333332,-8891.666666666666,-6062.5,-101445.83333333331,1175792.8337125876,1.3282822031744659,budget
2024-09-01,EU,1034534.8510079108,-458179.5695906189,1492714.4205985297,-68708.33333333331,-17783.333333333332,-8891.666666666666,-6062.5,-101445.83333333331,1391268.5872651965,1.34482524770406,budget
2024-09-01,OTHER,523313.1549476509,-231767.3453547,755080.5003023508,-68708.33333333331,-17783.333333333332,-8891.666666666666,-6062.5,-101445.83333333331,653634.6669690176,1.249031599510246,budget
2024-10-01,APAC,426827.1180873575,-189035.1640298431,615862.2821172005,-68708.33333333331,-17783.333333333332,-8891.666666666666,-6062.5,-101445.83333333331,514416.44878386724,1.2052103228328221,budget
2024-10-01,EU,857176.0900892691,-379630.1029760743,1236806.1930653434,-68708.33333333331,-17783.333333333332,-8891.666666666666,-6062.5,-101445.83333333331,1135360.3597320102,1.3245357317581852,budget
2024-10-01,OTHER,595603.517963174,-263783.63497484423,859387.1529380183,-68708.33333333331,-17783.333333333332,-8891.666666666666,-6062.5,-101445.83333333331,757941.3196046851,1.2725601792895191,budget
2024-11-01,APAC,691691.8677920763,-306339.68683176,998031.5546238363,-68708.33333333331,-17783.333333333332,-8891.666666666666,-6062.5,-101445.83333333331,896585.7212905029,1.2962212844173817,budget
2024-11-01,EU,725186.6711683483,-321174.0199424435,1046360.6911107919,-68708.33333333331,-17783.333333333332,-8891.666666666666,-6062.5,-101445.83333333331,944914.8577774586,1.3029953463638628,budget
2024-11-01,OTHER,577951.2984669082,-255965.73853255567,833917.0369994638,-68708.33333333331,-17783.333333333332,-8891.666666666666,-6062.5,-101445.83333333331,732471.2036661305,1.2673580033630978,budget
2024-12-01,APAC,845366.0010715148,-374399.59624378814,1219765.597315303,-68708.33333333331,-17783.333333333332,-8891.666666666666,-6062.5,-101445.83333333331,1118319.7639819698,1.3228823522172428,budget
2024-12-01,EU,566557.7723823687,-250919.72111472976,817477.4934970984,-68708.33333333331,-17783.333333333332,-8891.666666666666,-6062.5,-101445.83333333331,716031.6601637651,1.263828147927193,budget
2024-12-01,OTHER,809278.2279659206,-358416.8767318298,1167695.1046977504,-68708.33333333331,-17783.333333333332,-8891.666666666666,-6062.5,-101445.83333333331,1066249.2713644172,1.3175311462961017,budget
2025-01-01,APAC,737231.4831316295,-326508.4818561813,1063739.9649878107,-68708.33333333331,-17783.333333333332,-8891.666666666666,-6062.5,-101445.83333333331,962294.1316544774,1.3052808428186238,budget
2025-01-01,EU,797966.4373151606,-353407.0586801567,1151373.4959953174,-68708.33333333331,-17783.333333333332,-8891.666666666666,-6062.5,-101445.83333333331,1049927.662661984,1.3157541640404986,budget
2025-01-01,OTHER,777592.3071899161,-344383.6698958416,1121975.9770857578,-68708.33333333331,-17783.333333333332,-8891.666666666666,-6062.5,-101445.83333333331,1020530.1437524245,1.312423148115294,budget
2025-02-01,APAC,673812.8086914193,-298421.3266185266,972234.1353099459,-68708.33333333331,-17783.333333333332,-8891.666666666666,-6062.5,-101445.83333333331,870788.3019766125,1.2923296956431123,budget
2025-02-01,EU,1135103.3922633107,-502719.8293043085,1637823.2215676191,-68708.33333333331,-17783.333333333332,-8891.666666666666,-6062.5,-101445.83333333331,1536377.3882342859,1.3535131677924643,budget
2025-02-01,OTHER,957128.032920039,-423897.28073362494,1381025.313653664,-68708.33333333331,-17783.333333333332,-8891.666666666666,-6062.5,-101445.83333333331,1279579.4803203307,1.3368947897352308,budget
2025-03-01,APAC,505820.7208171488,-224020.2153926718,729840.9362098206,-68708.33333333331,-17783.333333333332,-8891.666666666666,-6062.5,-101445.83333333331,628395.1028764872,1.2423277201086593,budget
2025-03-01,EU,872873.7733246846,-386582.3653782209,1259456.1387029055,-68708.33333333331,-17783.333333333332,-8891.666666666666,-6062.5,-101445.83333333331,1158010.3053695722,1.3266641074102072,budget
2025-03-01,OTHER,977740.3999041663,-433026.1809575568,1410766.580861723,-68708.33333333331,-17783.333333333332,-8891.666666666666,-6062.5,-101445.83333333331,1309320.7475283898,1.3391292286344345,budget
2025-04-01,APAC,866005.420541071,-383540.4775973243,1249545.8981383953,-68708.33333333331,-17783.333333333332,-8891.666666666666,-6062.5,-101445.83333333331,1148100.064805062,1.325742354000211,budget
2025-04-01,EU,869931.6001556786,-385279.32214587065,1255210.9223015492,-68708.33333333331,-17783.333333333332,-8891.666666666666,-6062.5,-101445.83333333331,1153765.088968216,1.3262710410355756,budget
2025-04-01,OTHER,803510.4806107159,-355862.4301627843,1159372.9107735003,-68708.33333333331,-17783.333333333332,-8891.666666666666,-6062.5,-101445.83333333331,1057927.077440167,1.316631335830342,budget
2025-05-01,APAC,911357.6693398138,-403626.2908633828,1314983.9602031966,-68708.33333333331,-17783.333333333332,-8891.666666666666,-6062.5,-101445.83333333331,1213538.1268698634,1.3315717502536064,budget
2025-05-01,EU,939131.4365505804,-415926.8650723051,1355058.3016228855,-68708.33333333331,-17783.333333333332,-8891.666666666666,-6062.5,-101445.83333333331,1253612.4682895523,1.33486370437567,budget
2025-05-01,OTHER,950813.5359896227,-421100.6871892501,1371914.2231788728,-68708.33333333331,-17783.333333333332,-8891.666666666666,-6062.5,-101445.83333333331,1270468.3898455396,1.336190895224493,budget
2025-06-01,APAC,688694.3718468199,-305012.1419929281,993706.513839748,-68708.33333333331,-17783.333333333332,-8891.666666666666,-6062.5,-101445.83333333331,892260.6805064147,1.2955829421310738,budget
2025-06-01,EU,1005123.9703383023,-445153.94301713654,1450277.913355439,-68708.33333333331,-17783.333333333332,-8891.666666666666,-6062.5,-101445.83333333331,1348832.0800221057,1.3419559376025216,budget
2025-06-01,OTHER,1053192.5864898963,-466442.79359350604,1519635.3800834024,-68708.33333333331,-17783.333333333332,-8891.666666666666,-6062.5,-101445.83333333331,1418189.5467500691,1.346562409327854,budget
2025-07-01,APAC,1057753.2917041024,-468462.6597681822,1526215.9514722847,-68708.33333333331,-17783.333333333332,-8891.666666666666,-6062.5,-101445.83333333331,1424770.1181389515,1.3469777209046199,budget
2025-07-01,EU,941857.8758406492,-417134.36308865674,1358992.238929306,-68708.33333333331,-17783.333333333332,-8891.666666666666,-6062.5,-101445.83333333331,1257546.4055959727,1.3351763974724506,budget
2025-07-01,OTHER,485541.7096616813,-215038.95333670225,700580.6629983836,-68708.33333333331,-17783.333333333332,-8891.666666666666,-6062.5,-101445.83333333331,599134.8296650504,1.2339513119944303,budget
2025-08-01,APAC,1005892.8035980128,-445494.44743965846,1451387.2510376712,-68708.33333333331,-17783.333333333332,-8891.666666666666,-6062.5,-101445.83333333331,1349941.417704338,1.342033080339859,budget
2025-08-01,EU,847218.8184048622,-375220.18053584563,1222438.9989407079,-68708.33333333331,-17783.333333333332,-8891.666666666666,-6062.5,-101445.83333333331,1120993.1656073746,1.3231447900531446,budget
2025-08-01,OTHER,664742.9994024133,-294404.44761995337,959147.4470223666,-68708.33333333331,-17783.333333333332,-8891.666666666666,-6062.5,-101445.83333333331,857701.6136890333,1.2902755116790772,budget
2025-09-01,APAC,695490.2281239062,-308021.9221864146,1003512.1503103208,-68708.33333333331,-17783.333333333332,-8891.666666666666,-6062.5,-101445.83333333331,902066.3169769875,1.2970222736418928,budget
2025-09-01,EU,926828.088994636,-410477.90172204736,1337305.9907166832,-68708.33333333331,-17783.333333333332,-8891.666666666666,-6062.5,-101445.83333333331,1235860.15738335,1.3334297612019208,budget
2025-09-01,OTHER,591685.124155257,-262048.2386402993,853733.3627955563,-68708.33333333331,-17783.333333333332,-8891.666666666666,-6062.5,-101445.83333333331,752287.5294622229,1.271432217492803,budget
2025-10-01,APAC,595635.6970795457,-263797.8866104218,859433.5836899675,-68708.33333333331,-17783.333333333332,-8891.666666666666,-6062.5,-101445.83333333331,757987.7503566341,1.2725693810379648,budget
2025-10-01,EU,669001.9056649847,-296290.6516820115,965292.5573469962,-68708.33333333331,-17783.333333333332,-8891.666666666666,-6062.5,-101445.83333333331,863846.7240136629,1.2912470303877586,budget
2025-10-01,OTHER,834382.8185553255,-369535.31367940665,1203918.1322347322,-68708.33333333331,-17783.333333333332,-8891.666666666666,-6062.5,-101445.83333333331,1102472.298901399,1.3213027334506375,budget
2025-11-01,APAC,562440.4132522054,-249096.20609996704,811536.6193521724,-68708.33333333331,-17783.333333333332,-8891.666666666666,-6062.5,-101445.83333333331,710090.7860188391,1.2625173605731377,budget
2025-11-01,EU,982703.9255752192,-435224.45011533255,1417928.3756905517,-68708.33333333331,-17783.333333333332,-8891.666666666666,-6062.5,-101445.83333333331,1316482.5423572185,1.339653285282873,budget
2025-11-01,OTHER,835193.0204477214,-369894.1396329042,1205087.1600806257,-68708.33333333331,-17783.333333333332,-8891.666666666666,-6062.5,-101445.83333333331,1103641.3267472924,1.321420677289262,budget
2025-12-01,APAC,886045.1131762434,-392415.7491624785,1278460.8623387218,-68708.33333333331,-17783.333333333332,-8891.666666666666,-6062.5,-101445.83333333331,1177015.0290053885,1.328391761889068,budget
2025-12-01,EU,652209.7536893169,-288853.66591278784,941063.4196021047,-68708.33333333331,-17783.333333333332,-8891.666666666666,-6062.5,-101445.83333333331,839617.5862687714,1.2873428855047866,budget
2025-12-01,OTHER,641596.8873987311,-284153.39070755336,925750.2781062844,-68708.33333333331,-17783.333333333332,-8891.666666666666,-6062.5,-101445.83333333331,824304.4447729511,1.2847700183131863,budget
2026-01-01,APAC,890856.9557342894,-394546.8402030901,1285403.7959373794,-68708.33333333331,-17783.333333333332,-8891.666666666666,-6062.5,-101445.83333333331,1183957.962604046,1.3290101794492564,budget
2026-01-01,EU,884953.1788528344,-391932.14824963023,1276885.3271024646,-68708.33333333331,-17783.333333333332,-8891.666666666666,-6062.5,-101445.83333333331,1175439.4937691314,1.328250490373801,budget
2026-01-01,OTHER,821316.4393221873,-363748.41533826885,1185064.854660456,-68708.33333333331,-17783.333333333332,-8891.666666666666,-6062.5,-101445.83333333331,1083619.0213271228,1.3193684790011113,budget
2026-02-01,APAC,670375.0464777243,-296898.79462273064,967273.841100455,-68708.33333333331,-17783.333333333332,-8891.666666666666,-6062.5,-101445.83333333331,865828.0077671218,1.2915576322781461,budget
2026-02-01,EU,1086125.7963629898,-481028.4055815318,1567154.2019445216,-68708.33333333331,-17783.333333333332,-8891.666666666666,-6062.5,-101445.83333333331,1465708.3686111884,1.349483064962891,budget
2026-02-01,OTHER,873461.6173769328,-386842.71246520686,1260304.3298421395,-68708.33333333331,-17783.333333333332,-8891.666666666666,-6062.5,-101445.83333333331,1158858.4965088062,1.3267423243953644,budget
2026-03-01,APAC,717484.6671420371,-317762.9208515598,1035247.5879935969,-68708.33333333331,-17783.333333333332,-8891.666666666666,-6062.5,-101445.83333333331,933801.7546602637,1.3014936728611697,budget
2026-03-01,EU,762284.978456873,-337604.289497342,1099889.267954215,-68708.33333333331,-17783.333333333332,-8891.666666666666,-6062.5,-101445.83333333331,998443.4346208817,1.309803371230107,budget
2026-03-01,OTHER,888297.2300963571,-393413.1770984442,1281710.4071948011,-68708.33333333331,-17783.333333333332,-8891.666666666666,-6062.5,-101445.83333333331,1180264.573861468,1.3286820378055666,budget
2026-04-01,APAC,848298.4608515048,-375698.33756558,1223996.7984170849,-68708.33333333331,-17783.333333333332,-8891.666666666666,-6062.5,-101445.83333333331,1122550.9650837516,1.3232971847631996,budget
2026-04-01,EU,762250.6006375632,-337589.06409005914,1099839.6647276222,-68708.33333333331,-17783.333333333332,-8891.666666666666,-6062.5,-101445.83333333331,998393.8313942889,1.3097973692106117,budget
2026-04-01,OTHER,957912.2678626551,-424244.6063245567,1382156.8741872117,-68708.33333333331,-17783.333333333332,-8891.666666666666,-6062.5,-101445.83333333331,1280711.0408538785,1.3369815627390065,budget
2026-05-01,APAC,958905.2270153386,-424684.3726569855,1383589.599672324,-68708.33333333331,-17783.333333333332,-8891.666666666666,-6062.5,-101445.83333333331,1282143.7663389908,1.3370912267625814,budget
2026-05-01,EU,866554.2080672713,-383783.52714979346,1250337.7352170646,-68708.33333333331,-17783.333333333332,-8891.666666666666,-6062.5,-101445.83333333331,1148891.9018837314,1.325816540024859,budget
2026-05-01,OTHER,628115.1320063865,-278182.52865590545,906297.660662292,-68708.33333333331,-17783.333333333332,-8891.666666666666,-6062.5,-101445.83333333331,804851.8273289588,1.28137627373826,budget
2026-06-01,APAC,707980.3416936606,-313553.6013308655,1021533.9430245261,-68708.33333333331,-17783.333333333332,-8891.666666666666,-6062.5,-101445.83333333331,920088.1096911929,1.2995955614955623,budget
2026-06-01,EU,824508.0102344683,-365161.91299422685,1189669.923228695,-68708.33333333331,-17783.333333333332,-8891.666666666666,-6062.5,-101445.83333333331,1088224.0898953618,1.319846595045086,budget
2026-06-01,OTHER,561894.3644321371,-248854.36947831,810748.7339104471,-68708.33333333331,-17783.333333333332,-8891.666666666666,-6062.5,-101445.83333333331,709302.9005771137,1.2623420797144869,budget
2026-07-01,APAC,733624.529105903,-324911.0174097873,1058535.5465156902,-68708.33333333331,-17783.333333333332,-8891.666666666666,-6062.5,-101445.83333333331,957089.7131823569,1.3046042971720149,budget
2026-07-01,EU,828813.9227301666,-367068.93539376406,1195882.8581239306,-68708.33333333331,-17783.333333333332,-8891.666666666666,-6062.5,-101445.83333333331,1094437.0247905974,1.3204858108385187,budget
2026-07-01,OTHER,996756.5880410499,-441448.1581266418,1438204.7461676917,-68708.33333333331,-17783.333333333332,-8891.666666666666,-6062.5,-101445.83333333331,1336758.9128343584,1.3411086807678125,budget
2026-08-01,APAC,1078545.1606394823,-477671.0586447554,1556216.2192842378,-68708.33333333331,-17783.333333333332,-8891.666666666666,-6062.5,-101445.83333333331,1454770.3859509046,1.3488265851458217,budget
2026-08-01,EU,644935.9717527943,-285632.21979743947,930568.1915502339,-68708.33333333331,-17783.333333333332,-8891.666666666666,-6062.5,-101445.83333333331,829122.3582169006,1.2855886390761058,budget
2026-08-01,OTHER,726318.785320987,-321675.4158835063,1047994.2012044933,-68708.33333333331,-17783.333333333332,-8891.666666666666,-6062.5,-101445.83333333331,946548.3678711599,1.3032133919720188,budget
2026-09-01,APAC,824967.9386897702,-365365.6082312577,1190333.5469210278,-68708.33333333331,-17783.333333333332,-8891.666666666666,-6062.5,-101445.83333333331,1088887.7135876946,1.3199151900582788,budget
2026-09-01,EU,770319.1978965014,-341162.5216837774,1111481.7195802787,-68708.33333333331,-17783.333333333332,-8891.666666666666,-6062.5,-101445.83333333331,1010035.8862469455,1.3111913723623074,budget
2026-09-01,OTHER,886543.2132819943,-392636.3500362371,1279179.5633182314,-68708.33333333331,-17783.333333333332,-8891.666666666666,-6062.5,-101445.83333333331,1177733.7299848981,1.328456089156571,budget
2026-10-01,APAC,736279.6124933817,-326086.912994665,1062366.5254880467,-68708.33333333331,-17783.333333333332,-8891.666666666666,-6062.5,-101445.83333333331,960920.6921547134,1.305102947099939,budget
2026-10-01,EU,875711.9365974619,-387839.3442276836,1263551.2808251455,-68708.33333333331,-17783.333333333332,-8891.666666666666,-6062.5,-101445.83333333331,1162105.4474918123,1.3270407755398643,budget
2026-10-01,OTHER,593614.3621577215,-262902.66847100627,856517.0306287277,-68708.33333333331,-17783.333333333332,-8891.666666666666,-6062.5,-101445.83333333331,755071.1972953945,1.2719894352805001,budget
2026-11-01,APAC,1014130.7219340836,-449142.8947334989,1463273.6166675827,-68708.33333333331,-17783.333333333332,-8891.666666666666,-6062.5,-101445.83333333331,1361827.7833342494,1.3428523107327432,budget
2026-11-01,EU,730130.631017018,-323363.62369849853,1053494.2547155165,-68708.33333333331,-17783.333333333332,-8891.666666666666,-6062.5,-101445.83333333331,952048.4213821832,1.3039425836114424,budget
2026-11-01,OTHER,821511.0238408946,-363834.59382799617,1185345.6176688909,-68708.33333333331,-17783.333333333332,-8891.666666666666,-6062.5,-101445.83333333331,1083899.7843355576,1.3193977352463149,budget
2026-12-01,APAC,934640.0911189759,-413937.7172782695,1348577.8083972454,-68708.33333333331,-17783.333333333332,-8891.666666666666,-6062.5,-101445.83333333331,1247131.975063912,1.3343446176921563,budget
2026-12-01,EU,781403.7150489753,-346071.68379957497,1127475.3988485504,-68708.33333333331,-17783.333333333332,-8891.666666666666,-6062.5,-101445.83333333331,1026029.5655152171,1.3130594924941068,budget
2026-12-01,OTHER,603597.023984575,-267323.8358147069,870920.8597992819,-68708.33333333331,-17783.333333333332,-8891.666666666666,-6062.5,-101445.83333333331,769475.0264659487,1.2748158057280494,budget
2024-01-01,APAC,665364.6383155113,-299058.79544482124,964423.4337603325,-69239.58333333331,-17920.833333333332,-8960.416666666666,-6109.375,-102230.20833333331,862193.2254269992,1.2958206309397422,forecast_v1
2024-01-01,EU,784210.3002174064,-352475.88202490116,1136686.1822423076,-69239.58333333331,-17920.833333333332,-8960.416666666666,-6109.375,-102230.20833333331,1034455.9739089743,1.3191053134882218,forecast_v1
2024-01-01,OTHER,553723.6960808982,-248879.98553461337,802603.6816155115,-69239.58333333331,-17920.833333333332,-8960.416666666666,-6109.375,-102230.20833333331,700373.4732821782,1.2648428778454421,forecast_v1
2024-02-01,APAC,799967.8689838798,-359558.3737340652,1159526.242717945,-69239.58333333331,-17920.833333333332,-8960.416666666666,-6109.375,-102230.20833333331,1057296.0343846118,1.3216731263564254,forecast_v1
2024-02-01,EU,834134.7100509622,-374915.20778455626,1209049.9178355185,-69239.58333333331,-17920.833333333332,-8960.416666666666,-6109.375,-102230.20833333331,1106819.7095021852,1.3269076279472451,forecast_v1
2024-02-01,OTHER,911596.111561264,-409731.47557989036,1321327.5871411543,-69239.58333333331,-17920.833333333332,-8960.416666666666,-6109.375,-102230.20833333331,1219097.378807821,1.337321828545219,forecast_v1
2024-03-01,APAC,671603.6391952197,-301863.014335366,973466.6535305858,-69239.58333333331,-17920.833333333332,-8960.416666666666,-6109.375,-102230.20833333331,871236.4451972526,1.2972479515466178,forecast_v1
2024-03-01,EU,726816.3361013633,-326679.24543507386,1053495.5815364372,-69239.58333333331,-17920.833333333332,-8960.416666666666,-6109.375,-102230.20833333331,951265.3732031039,1.3088112167451869,forecast_v1
2024-03-01,OTHER,671960.2485556246,-302023.2981250741,973983.5466806988,-69239.58333333331,-17920.833333333332,-8960.416666666666,-6109.375,-102230.20833333331,871753.3383473654,1.2973287336880344,forecast_v1
2024-04-01,APAC,844966.4419317237,-379783.70319639955,1224750.1451281232,-69239.58333333331,-17920.833333333332,-8960.416666666666,-6109.375,-102230.20833333331,1122519.93679479,1.3284787194962868,forecast_v1
2024-04-01,EU,788187.929220253,-354263.69109953026,1142451.6203197832,-69239.58333333331,-17920.833333333332,-8960.416666666666,-6109.375,-102230.20833333331,1040221.41198645,1.3197631851778437,forecast_v1
2024-04-01,OTHER,944922.6757463444,-424710.63372501935,1369633.3094713637,-69239.58333333331,-17920.833333333332,-8960.416666666666,-6109.375,-102230.20833333331,1267403.1011380304,1.3412770522593034,forecast_v1
2024-05-01,APAC,1257098.7978026723,-565023.1926628612,1822121.9904655335,-69239.58333333331,-17920.833333333332,-8960.416666666666,-6109.375,-102230.20833333331,1719891.7821322002,1.3681436853956588,forecast_v1
2024-05-01,EU,1011678.5069934152,-454715.111468545,1466393.6184619602,-69239.58333333331,-17920.833333333332,-8960.416666666666,-6109.375,-102230.20833333331,1364163.410128627,1.3484159253148056,forecast_v1
2024-05-01,OTHER,781734.7707788054,-351363.21566218237,1133097.9864409878,-69239.58333333331,-17920.833333333332,-8960.416666666666,-6109.375,-102230.20833333331,1030867.7781076545,1.3186924985831827,forecast_v1
2024-06-01,APAC,645196.2186472618,-289993.77613859205,935189.9947858539,-69239.58333333331,-17920.833333333332,-8960.416666666666,-6109.375,-102230.20833333331,832959.7864525206,1.291017774715,forecast_v1
2024-06-01,EU,748589.6095609975,-336465.59198666393,1085055.2015476613,-69239.58333333331,-17920.833333333332,-8960.416666666666,-6109.375,-102230.20833333331,982824.9932143281,1.3129022640197952,forecast_v1
2024-06-01,OTHER,874058.0636457597,-392859.39860660624,1266917.462252366,-69239.58333333331,-17920.833333333332,-8960.416666666666,-6109.375,-102230.20833333331,1164687.2539190326,1.332505587856529,forecast_v1
2024-07-01,APAC,890824.0757049216,-400395.1513083431,1291219.2270132648,-69239.58333333331,-17920.833333333332,-8960.416666666666,-6109.375,-102230.20833333331,1188989.0186799315,1.3347068754726548,forecast_v1
2024-07-01,EU,676009.1863806603,-303843.1580921618,979852.344472822,-69239.58333333331,-17920.833333333332,-8960.416666666666,-6109.375,-102230.20833333331,877622.1361394888,1.298239955640633,forecast_v1
2024-07-01,OTHER,769006.6653413767,-345642.3647764955,1114649.0301178722,-69239.58333333331,-17920.833333333332,-8960.416666666666,-6109.375,-102230.20833333331,1012418.8217845389,1.316528019084343,forecast_v1
2024-08-01,APAC,932506.3619297106,-419129.922578019,1351636.2845077296,-69239.58333333331,-17920.833333333332,-8960.416666666666,-6109.375,-102230.20833333331,1249406.0761743963,1.3398365171352822,forecast_v1
2024-08-01,EU,746986.7982162273,-335745.1827516528,1082731.9809678802,-69239.58333333331,-17920.833333333332,-8960.416666666666,-6109.375,-102230.20833333331,980501.772634547,1.3126092388459119,forecast_v1
2024-08-01,OTHER,889992.3092596771,-400021.30055511405,1290013.609814791,-69239.58333333331,-17920.833333333332,-8960.416666666666,-6109.375,-102230.20833333331,1187783.4014814578,1.3345996242029243,forecast_v1
2024-09-01,APAC,876686.5434208306,-394040.8109482267,1270727.3543690573,-69239.58333333331,-17920.833333333332,-8960.416666666666,-6109.375,-102230.20833333331,1168497.146035724,1.332856258379704,forecast_v1
2024-09-01,EU,1024587.40051745,-460517.22045587713,1485104.6209733272,-69239.58333333331,-17920.833333333332,-8960.416666666666,-6109.375,-102230.20833333331,1382874.412639994,1.349689066976226,forecast_v1
2024-09-01,OTHER,518281.2976885389,-232949.83181059128,751231.1294991302,-69239.58333333331,-17920.833333333332,-8960.416666666666,-6109.375,-102230.20833333331,649000.9211657969,1.252217519829963,forecast_v1
2024-10-01,APAC,422723.0111826714,-189999.62915244434,612722.6403351157,-69239.58333333331,-17920.833333333332,-8960.416666666666,-6109.375,-102230.20833333331,510492.4320017824,1.2076286800038505,forecast_v1
2024-10-01,EU,848934.0122999492,-381566.9912565645,1230501.0035565137,-69239.58333333331,-17920.833333333332,-8960.416666666666,-6109.375,-102230.20833333331,1128270.7952231804,1.3290441646535593,forecast_v1
2024-10-01,OTHER,589876.561059682,-265129.4698471648,855006.0309068469,-69239.58333333331,-17920.833333333332,-8960.416666666666,-6109.375,-102230.20833333331,752775.8225735135,1.2761582206643227,forecast_v1
2024-11-01,APAC,685040.9844479217,-307902.6444176362,992943.628865558,-69239.58333333331,-17920.833333333332,-8960.416666666666,-6109.375,-102230.20833333331,890713.4205322247,1.3002337681300273,forecast_v1
2024-11-01,EU,718213.7224071142,-322812.66290133353,1041026.3853084478,-69239.58333333331,-17920.833333333332,-8960.416666666666,-6109.375,-102230.20833333331,938796.1769751145,1.3071264829481561,forecast_v1
2024-11-01,OTHER,572394.0744431878,-257271.6861781299,829665.7606213177,-69239.58333333331,-17920.833333333332,-8960.416666666666,-6109.375,-102230.20833333331,727435.5522879844,1.2708649246511112,forecast_v1
2024-12-01,APAC,837237.4818304427,-376309.79826544016,1213547.2800958827,-69239.58333333331,-17920.833333333332,-8960.416666666666,-6109.375,-102230.20833333331,1111317.0717625495,1.3273618249064647,forecast_v1
2024-12-01,EU,561110.1014940767,-252199.9237734784,813310.025267555,-69239.58333333331,-17920.833333333332,-8960.416666666666,-6109.375,-102230.20833333331,711079.8169342217,1.267273241099774,forecast_v1
2024-12-01,OTHER,801496.7065431712,-360245.53426617594,1161742.240809347,-69239.58333333331,-17920.833333333332,-8960.416666666666,-6109.375,-102230.20833333331,1059512.0324760138,1.3219168885242887,forecast_v1
2025-01-01,APAC,730142.7188707484,-328174.3414574884,1058317.0603282368,-69239.58333333331,-17920.833333333332,-8960.416666666666,-6109.375,-102230.20833333331,956086.8519949035,1.3094520116198711,forecast_v1
2025-01-01,EU,790293.6831102072,-355210.15591832076,1145503.839028528,-69239.58333333331,-17920.833333333332,-8960.416666666666,-6109.375,-102230.20833333331,1043273.6306951947,1.3201087810665306,forecast_v1
2025-01-01,OTHER,770115.4580823208,-346140.7294361265,1116256.1875184472,-69239.58333333331,-17920.833333333332,-8960.416666666666,-6109.375,-102230.20833333331,1014025.9791851139,1.3167194198518744,forecast_v1
2025-02-01,APAC,667333.8393770787,-299943.88440739666,967277.7237844754,-69239.58333333331,-17920.833333333332,-8960.416666666666,-6109.375,-102230.20833333331,865047.5154511421,1.2962740152044723,forecast_v1
2025-02-01,EU,1124188.9365684711,-505284.7263925958,1629473.662961067,-69239.58333333331,-17920.833333333332,-8960.416666666666,-6109.375,-102230.20833333331,1527243.4546277337,1.358529162624181,forecast_v1
2025-02-01,OTHER,947924.8787573464,-426060.02196185774,1373984.9007192042,-69239.58333333331,-17920.833333333332,-8960.416666666666,-6109.375,-102230.20833333331,1271754.692385871,1.3416197009757138,forecast_v1
2025-03-01,APAC,500957.0600400608,-225163.17567528746,726120.2357153483,-69239.58333333331,-17920.833333333332,-8960.416666666666,-6109.375,-102230.20833333331,623890.027382015,1.2453962168576354,forecast_v1
2025-03-01,EU,864480.7562734856,-388554.72438525263,1253035.4806587382,-69239.58333333331,-17920.833333333332,-8960.416666666666,-6109.375,-102230.20833333331,1150805.272325405,1.331209820431605,forecast_v1
2025-03-01,OTHER,968339.0499050879,-435235.49820734025,1403574.5481124283,-69239.58333333331,-17920.833333333332,-8960.416666666666,-6109.375,-102230.20833333331,1301344.339779095,1.343893277779768,forecast_v1
2025-04-01,APAC,857678.4453435608,-385497.3167687393,1243175.7621123001,-69239.58333333331,-17920.833333333332,-8960.416666666666,-6109.375,-102230.20833333331,1140945.553778967,1.3302719218062402,forecast_v1
2025-04-01,EU,861566.8732311048,-387245.0329731455,1248811.9062042502,-69239.58333333331,-17920.833333333332,-8960.416666666666,-6109.375,-102230.20833333331,1146581.697870917,1.330809869199045,forecast_v1
2025-04-01,OTHER,795784.4182971512,-357678.05480647204,1153462.4731036234,-69239.58333333331,-17920.833333333332,-8960.416666666666,-6109.375,-102230.20833333331,1051232.26477029,1.3210013171905974,forecast_v1
2025-05-01,APAC,902594.6148269308,-405685.6086739103,1308280.223500841,-69239.58333333331,-17920.833333333332,-8960.416666666666,-6109.375,-102230.20833333331,1206050.0151675078,1.3362034243897671,forecast_v1
2025-05-01,EU,930101.3265837479,-418048.9409145108,1348150.2674982587,-69239.58333333331,-17920.833333333332,-8960.416666666666,-6109.375,-102230.20833333331,1245920.0591649255,1.33955303960395,forecast_v1
2025-05-01,OTHER,941671.0981435685,-423249.1600830728,1364920.2582266412,-69239.58333333331,-17920.833333333332,-8960.416666666666,-6109.375,-102230.20833333331,1262690.049893308,1.3409034772147126,forecast_v1
2025-06-01,APAC,682072.310579062,-306568.32639085123,988640.6369699133,-69239.58333333331,-17920.833333333332,-8960.416666666666,-6109.375,-102230.20833333331,886410.42863658,1.2995842447907615,forecast_v1
2025-06-01,EU,995459.3167773571,-447425.1366039587,1442884.4533813158,-69239.58333333331,-17920.833333333332,-8960.416666666666,-6109.375,-102230.20833333331,1340654.2450479825,1.3467694987155674,forecast_v1
2025-06-01,OTHER,1043065.7346967242,-468822.60376490146,1511888.3384616256,-69239.58333333331,-17920.833333333332,-8960.416666666666,-6109.375,-102230.20833333331,1409658.1301282924,1.3514566563133783,forecast_v1
2025-07-01,APAC,1047582.5869761785,-470852.77537924435,1518435.3623554227,-69239.58333333331,-17920.833333333332,-8960.416666666666,-6109.375,-102230.20833333331,1416205.1540220894,1.3518792423897872,forecast_v1
2025-07-01,EU,932801.5501114121,-419262.59963502735,1352064.1497464394,-69239.58333333331,-17920.833333333332,-8960.416666666666,-6109.375,-102230.20833333331,1249833.9414131062,1.3398712097592766,forecast_v1
2025-07-01,OTHER,480873.0393764728,-216136.09085372626,697009.1302301991,-69239.58333333331,-17920.833333333332,-8960.416666666666,-6109.375,-102230.20833333331,594778.9218968658,1.2368730895541364,forecast_v1
2025-08-01,APAC,996220.7574095705,-447767.37829394225,1443988.1357035127,-69239.58333333331,-17920.833333333332,-8960.416666666666,-6109.375,-102230.20833333331,1341757.9273701794,1.3468479926669006,forecast_v1
2025-08-01,EU,839072.4836125077,-377134.5692120489,1216207.0528245566,-69239.58333333331,-17920.833333333332,-8960.416666666666,-6109.375,-102230.20833333331,1113976.8444912233,1.3276288595416141,forecast_v1
2025-08-01,OTHER,658351.2397927747,-295906.51112821844,954257.750920993,-69239.58333333331,-17920.833333333332,-8960.416666666666,-6109.375,-102230.20833333331,852027.5425876598,1.2941838506385246,forecast_v1
2025-09-01,APAC,688802.8220842533,-309593.462605733,998396.2846899864,-69239.58333333331,-17920.833333333332,-8960.416666666666,-6109.375,-102230.20833333331,896166.0763566531,1.301048787292912,forecast_v1
2025-09-01,EU,917916.2804466104,-412572.1767308333,1330488.4571774437,-69239.58333333331,-17920.833333333332,-8960.416666666666,-6109.375,-102230.20833333331,1228258.2488441104,1.3380939798197105,forecast_v1
2025-09-01,OTHER,585995.8441153028,-263385.2194496886,849381.0635649913,-69239.58333333331,-17920.833333333332,-8960.416666666666,-6109.375,-102230.20833333331,747150.8552316581,1.275010501754763,forecast_v1
2025-10-01,APAC,589908.4307614731,-265143.7941951689,855052.224956642,-69239.58333333331,-17920.833333333332,-8960.416666666666,-6109.375,-102230.20833333331,752822.0166233086,1.2761675835884245,forecast_v1
2025-10-01,EU,662569.1950335907,-297802.3386803891,960371.5337139798,-69239.58333333331,-17920.833333333332,-8960.416666666666,-6109.375,-102230.20833333331,858141.3253806464,1.295172386239811,forecast_v1
2025-10-01,OTHER,826359.9068384473,-371420.697932873,1197780.6047713202,-69239.58333333331,-17920.833333333332,-8960.416666666666,-6109.375,-102230.20833333331,1095550.396437987,1.325754537910037,forecast_v1
2025-11-01,APAC,557032.3323555496,-250367.1051106812,807399.4374662307,-69239.58333333331,-17920.833333333332,-8960.416666666666,-6109.375,-102230.20833333331,705169.2291328975,1.265939494303525,forecast_v1
2025-11-01,EU,973254.849367765,-437444.9830240841,1410699.8323918493,-69239.58333333331,-17920.833333333332,-8960.416666666666,-6109.375,-102230.20833333331,1308469.624058516,1.3444265136808817,forecast_v1
2025-11-01,OTHER,827162.3183280319,-371781.35463103134,1198943.6729590632,-69239.58333333331,-17920.833333333332,-8960.416666666666,-6109.375,-102230.20833333331,1096713.46462573,1.3258745476251261,forecast_v1
2025-12-01,APAC,877525.4486264719,-394417.87033167493,1271943.318958147,-69239.58333333331,-17920.833333333332,-8960.416666666666,-6109.375,-102230.20833333331,1169713.1106248137,1.3329677360989158,forecast_v1
2025-12-01,EU,645938.5060576888,-290327.4091062204,936265.9151639093,-69239.58333333331,-17920.833333333332,-8960.416666666666,-6109.375,-102230.20833333331,834035.7068305761,1.2911998572757144,forecast_v1
2025-12-01,OTHER,635427.6865583587,-285603.1529050409,921030.8394633996,-69239.58333333331,-17920.833333333332,-8960.416666666666,-6109.375,-102230.20833333331,818800.6311300662,1.2885819243490995,forecast_v1
2026-01-01,APAC,882291.0234676134,-396559.8342857589,1278850.8577533723,-69239.58333333331,-17920.833333333332,-8960.416666666666,-6109.375,-102230.20833333331,1176620.649420039,1.3335969857152579,forecast_v1
2026-01-01,EU,876444.0136715571,-393931.8020672304,1270375.8157387874,-69239.58333333331,-17920.833333333332,-8960.416666666666,-6109.375,-102230.20833333331,1168145.6074054542,1.3328239901051007,forecast_v1
2026-01-01,OTHER,813419.1658671662,-365604.27460019867,1179023.4404673649,-69239.58333333331,-17920.833333333332,-8960.416666666666,-6109.375,-102230.20833333331,1076793.2321340316,1.3237864035156939,forecast_v1
2026-02-01,APAC,663929.1325692849,-298413.58439121395,962342.7169604988,-69239.58333333331,-17920.833333333332,-8960.416666666666,-6109.375,-102230.20833333331,860112.5086271656,1.2954884285596668,forecast_v1
2026-02-01,EU,1075682.2790902688,-483482.6321406213,1559164.91123089,-69239.58333333331,-17920.833333333332,-8960.416666666666,-6109.375,-102230.20833333331,1456934.7028975568,1.3544284694637925,forecast_v1
2026-02-01,OTHER,865062.9479790777,-388816.3997737029,1253879.3477527807,-69239.58333333331,-17920.833333333332,-8960.416666666666,-6109.375,-102230.20833333331,1151649.1394194474,1.33128940744703,forecast_v1
2026-03-01,APAC,710585.7761118251,-319384.16024365963,1029969.9363554848,-69239.58333333331,-17920.833333333332,-8960.416666666666,-6109.375,-102230.20833333331,927739.7280221514,1.3055985064865028,forecast_v1
2026-03-01,EU,754955.3152024798,-339326.7603621243,1094282.0755646043,-69239.58333333331,-17920.833333333332,-8960.416666666666,-6109.375,-102230.20833333331,992051.867231271,1.3140537555725422,forecast_v1
2026-03-01,OTHER,879755.9105761995,-395420.38718568115,1275176.2977618808,-69239.58333333331,-17920.833333333332,-8960.416666666666,-6109.375,-102230.20833333331,1172946.0894285475,1.3332630964199172,forecast_v1
2026-04-01,APAC,840141.7448817791,-377615.16581846564,1217756.9107002448,-69239.58333333331,-17920.833333333332,-8960.416666666666,-6109.375,-102230.20833333331,1115526.7023669116,1.3277839235614741,forecast_v1
2026-04-01,EU,754921.2679391252,-339311.45727419213,1094232.7252133172,-69239.58333333331,-17920.833333333332,-8960.416666666666,-6109.375,-102230.20833333331,992002.516879984,1.3140476484230887,forecast_v1
2026-04-01,OTHER,948701.5729793606,-426409.11962213094,1375110.6926014915,-69239.58333333331,-17920.833333333332,-8960.416666666666,-6109.375,-102230.20833333331,1272880.4842681582,1.3417079938749614,forecast_v1
2026-05-01,APAC,949684.9844478831,-426851.1296603375,1376536.1141082207,-69239.58333333331,-17920.833333333332,-8960.416666666666,-6109.375,-102230.20833333331,1274305.9057748874,1.3418195787477136,forecast_v1
2026-05-01,EU,858221.9560666244,-385741.6063699454,1243963.5624365697,-69239.58333333331,-17920.833333333332,-8960.416666666666,-6109.375,-102230.20833333331,1141733.3541032365,1.330347407255802,forecast_v1
2026-05-01,OTHER,622075.5634294022,-279601.8272714968,901677.3907008991,-69239.58333333331,-17920.833333333332,-8960.416666666666,-6109.375,-102230.20833333331,799447.1823675658,1.285128735744485,forecast_v1
2026-06-01,APAC,701172.8384081448,-315153.3646029617,1016326.2030111065,-69239.58333333331,-17920.833333333332,-8960.416666666666,-6109.375,-102230.20833333331,914095.9946777732,1.3036671482498132,forecast_v1
2026-06-01,EU,816580.0485975984,-367024.98397889134,1183605.0325764897,-69239.58333333331,-17920.833333333332,-8960.416666666666,-6109.375,-102230.20833333331,1081374.8242431565,1.3242728941275492,forecast_v1
2026-06-01,OTHER,556491.534004905,-250124.0346287095,806615.5686336146,-69239.58333333331,-17920.833333333332,-8960.416666666666,-6109.375,-102230.20833333331,704385.3603002813,1.2657611432666875,forecast_v1
2026-07-01,APAC,726570.4470952692,-326568.72668228624,1053139.1737775556,-69239.58333333331,-17920.833333333332,-8960.416666666666,-6109.375,-102230.20833333331,950908.9654442223,1.308763615759254,forecast_v1
2026-07-01,EU,820844.5580885303,-368941.7360845487,1189786.294173079,-69239.58333333331,-17920.833333333332,-8960.416666666666,-6109.375,-102230.20833333331,1087556.0858397458,1.324923306274085,forecast_v1
2026-07-01,OTHER,987172.3900791166,-443700.4446476961,1430872.8347268128,-69239.58333333331,-17920.833333333332,-8960.416666666666,-6109.375,-102230.20833333331,1328642.6263934795,1.3459074015299353,forecast_v1
2026-08-01,APAC,1068174.534094872,-480108.1558827388,1548282.6899776107,-69239.58333333331,-17920.833333333332,-8960.416666666666,-6109.375,-102230.20833333331,1446052.4816442775,1.353760490901053,forecast_v1
2026-08-01,EU,638734.6643320944,-287089.527041304,925824.1913733983,-69239.58333333331,-17920.833333333332,-8960.416666666666,-6109.375,-102230.20833333331,823593.983040065,1.289414883880261,forecast_v1
2026-08-01,OTHER,719334.9508467469,-323316.6169849528,1042651.5678316997,-69239.58333333331,-17920.833333333332,-8960.416666666666,-6109.375,-102230.20833333331,940421.3594983665,1.307348347791767,forecast_v1
2026-09-01,APAC,817035.5546639069,-367229.7184773357,1184265.2731412426,-69239.58333333331,-17920.833333333332,-8960.416666666666,-6109.375,-102230.20833333331,1082035.0648079093,1.324342690634818,forecast_v1
2026-09-01,EU,762912.282532112,-342903.1467944089,1105815.4293265208,-69239.58333333331,-17920.833333333332,-8960.416666666666,-6109.375,-102230.20833333331,1003585.2209931875,1.3154660686052664,forecast_v1
2026-09-01,OTHER,878018.7593081291,-394639.5967200953,1272658.3560282243,-69239.58333333331,-17920.833333333332,-8960.416666666666,-6109.375,-102230.20833333331,1170428.147694891,1.3330331901076669,forecast_v1
2026-10-01,APAC,729200.0008347916,-327750.6217344337,1056950.6225692253,-69239.58333333331,-17920.833333333332,-8960.416666666666,-6109.375,-102230.20833333331,954720.414235892,1.3092709999217274,forecast_v1
2026-10-01,EU,867291.6295147941,-389818.1163921105,1257109.7459069046,-69239.58333333331,-17920.833333333332,-8960.416666666666,-6109.375,-102230.20833333331,1154879.5375735713,1.331593086191398,forecast_v1
2026-10-01,OTHER,587906.5317523589,-264244.0086162665,852150.5403686254,-69239.58333333331,-17920.833333333332,-8960.416666666666,-6109.375,-102230.20833333331,749920.3320352922,1.2755774796378305,forecast_v1
2026-11-01,APAC,1004379.4649924098,-451434.44011479226,1455813.905107202,-69239.58333333331,-17920.833333333332,-8960.416666666666,-6109.375,-102230.20833333331,1353583.6967738688,1.3476815725061622,forecast_v1
2026-11-01,EU,723110.1441803158,-325013.4381051235,1048123.5822854394,-69239.58333333331,-17920.833333333332,-8960.416666666666,-6109.375,-102230.20833333331,945893.3739521061,1.3080903117799947,forecast_v1
2026-11-01,OTHER,813611.879380886,-365690.8927760982,1179302.772156984,-69239.58333333331,-17920.833333333332,-8960.416666666666,-6109.375,-102230.20833333331,1077072.5638236508,1.323816172206389,forecast_v1
2026-12-01,APAC,925653.1671659087,-416049.6444072402,1341702.811573149,-69239.58333333331,-17920.833333333332,-8960.416666666666,-6109.375,-102230.20833333331,1239472.6032398157,1.3390248607204946,forecast_v1
2026-12-01,EU,773890.2177888891,-347837.35565569525,1121727.5734445844,-69239.58333333331,-17920.833333333332,-8960.416666666666,-6109.375,-102230.20833333331,1019497.3651112511,1.3173669102887688,forecast_v1
2026-12-01,OTHER,597793.2064462617,-268687.7329362105,866480.9393824723,-69239.58333333331,-17920.833333333332,-8960.416666666666,-6109.375,-102230.20833333331,764250.731049139,1.2784533561236462,forecast_v1
2024-01-01,APAC,658904.7874580792,-300576.8603963178,959481.647854397,-69770.83333333331,-18058.33333333333,-9029.166666666666,-6156.25,-103014.58333333331,856467.0645210636,1.2998343324004968,forecast_v2
2024-01-01,EU,776596.6079822859,-354265.0997001545,1130861.7076824405,-69770.83333333331,-18058.33333333333,-9029.166666666666,-6156.25,-103014.58333333331,1027847.1243491073,1.3235277025219152,forecast_v2
2024-01-01,OTHER,548347.7378665204,-250143.3357149921,798491.0735815126,-69770.83333333331,-18058.33333333333,-9029.166666666666,-6156.25,-103014.58333333331,695476.4902481793,1.2683128646688666,forecast_v2
2024-02-01,APAC,792201.1906442306,-361383.5431438829,1153584.7337881136,-69770.83333333331,-18058.33333333333,-9029.166666666666,-6156.25,-103014.58333333331,1050570.1504547803,1.3261405850708707,forecast_v2
2024-02-01,EU,826036.3148077491,-376818.3306667113,1202854.6454744604,-69770.83333333331,-18058.33333333333,-9029.166666666666,-6156.25,-103014.58333333331,1099840.0621411272,1.3314669614702144,forecast_v2
2024-02-01,OTHER,902745.6638762031,-411811.3307858797,1314556.9946620828,-69770.83333333331,-18058.33333333333,-9029.166666666666,-6156.25,-103014.58333333331,1211542.4113287495,1.3420639498024693,forecast_v2
2024-03-01,APAC,665083.2155137128,-303395.3139005201,968478.5294142329,-69770.83333333331,-18058.33333333333,-9029.166666666666,-6156.25,-103014.58333333331,865463.9460808996,1.3012867050214338,forecast_v2
2024-03-01,EU,719759.8668188256,-328337.5157164702,1048097.3825352958,-69770.83333333331,-18058.33333333333,-9029.166666666666,-6156.25,-103014.58333333331,945082.7992019625,1.3130529260807675,forecast_v2
2024-03-01,OTHER,665436.3626473176,-303556.4113135264,968992.7739608439,-69770.83333333331,-18058.33333333333,-9029.166666666666,-6156.25,-103014.58333333331,865978.1906275107,1.301368905033043,forecast_v2
2024-04-01,APAC,836762.8842430664,-381711.53925323405,1218474.4234963004,-69770.83333333331,-18058.33333333333,-9029.166666666666,-6156.25,-103014.58333333331,1115459.840162967,1.333065628468941,forecast_v2
2024-04-01,EU,780535.6192278233,-356061.9839477511,1136597.6031755744,-69770.83333333331,-18058.33333333333,-9029.166666666666,-6156.25,-103014.58333333331,1033583.0198422412,1.3241971210292174,forecast_v2
2024-04-01,OTHER,935748.6691857,-426866.5252667708,1362615.1944524709,-69770.83333333331,-18058.33333333333,-9029.166666666666,-6156.25,-103014.58333333331,1259600.6111191376,1.3460885947241128,forecast_v2
2024-05-01,APAC,1244893.955105559,-567891.3306966829,1812785.2858022419,-69770.83333333331,-18058.33333333333,-9029.166666666666,-6156.25,-103014.58333333331,1709770.7024689086,1.373426785034016,forecast_v2
2024-05-01,EU,1001856.3855662944,-457023.3100039184,1458879.6955702128,-69770.83333333331,-18058.33333333333,-9029.166666666666,-6156.25,-103014.58333333331,1355865.1122368795,1.3533527676928299,forecast_v2
2024-05-01,OTHER,774145.112810079,-353146.78528483305,1127291.898094912,-69770.83333333331,-18058.33333333333,-9029.166666666666,-6156.25,-103014.58333333331,1024277.3147615788,1.3231076419814132,forecast_v2
2024-06-01,APAC,638932.1776895213,-291465.82576366107,930398.0034531824,-69770.83333333331,-18058.33333333333,-9029.166666666666,-6156.25,-103014.58333333331,827383.420119849,1.29494717751076,forecast_v2
2024-06-01,EU,741321.7492739975,-338173.53915410885,1079495.2884281063,-69770.83333333331,-18058.33333333333,-9029.166666666666,-6156.25,-103014.58333333331,976480.7050947731,1.3172157785078815,forecast_v2
2024-06-01,OTHER,865572.0630278399,-394853.60875181743,1260425.6717796572,-69770.83333333331,-18058.33333333333,-9029.166666666666,-6156.25,-103014.58333333331,1157411.088446324,1.337163175527648,forecast_v2
2024-07-01,APAC,882175.2982708929,-402427.6140053397,1284602.9122762326,-69770.83333333331,-18058.33333333333,-9029.166666666666,-6156.25,-103014.58333333331,1181588.3289428994,1.3394030996547632,forecast_v2
2024-07-01,EU,669445.990396382,-305385.5091484672,974831.4995448493,-69770.83333333331,-18058.33333333333,-9029.166666666666,-6156.25,-103014.58333333331,871816.9162115159,1.302296120550829,forecast_v2
2024-07-01,OTHER,761540.5812118488,-347396.8945469345,1108937.4757587833,-69770.83333333331,-18058.33333333333,-9029.166666666666,-6156.25,-103014.58333333331,1005922.89242545,1.3209051720194775,forecast_v2
2024-08-01,APAC,923452.9021051505,-421257.4856367906,1344710.387741941,-69770.83333333331,-18058.33333333333,-9029.166666666666,-6156.25,-103014.58333333331,1241695.8044086078,1.3446227756477611,forecast_v2
2024-08-01,EU,739734.4992044193,-337449.4730194277,1077183.972223847,-69770.83333333331,-18058.33333333333,-9029.166666666666,-6156.25,-103014.58333333331,974169.3888905137,1.3169176102212725,forecast_v2
2024-08-01,OTHER,881351.6072280299,-402051.8655325512,1283403.472760581,-69770.83333333331,-18058.33333333333,-9029.166666666666,-6156.25,-103014.58333333331,1180388.8894272477,1.3392939659345837,forecast_v2
2024-09-01,APAC,868175.0235817934,-396041.0181104005,1264216.0416921938,-69770.83333333331,-18058.33333333333,-9029.166666666666,-6156.25,-103014.58333333331,1161201.4583588606,1.337520000941907,forecast_v2
2024-09-01,EU,1014639.9500269893,-462854.8713211354,1477494.8213481246,-69770.83333333331,-18058.33333333333,-9029.166666666666,-6156.25,-103014.58333333331,1374480.2380147914,1.3546482552537285,forecast_v2
2024-09-01,OTHER,513249.44042942685,-234132.31826648265,747381.7586959095,-69770.83333333331,-18058.33333333333,-9029.166666666666,-6156.25,-103014.58333333331,644367.1753625763,1.2554659091755571,forecast_v2
2024-10-01,APAC,418618.9042779852,-190964.0942750456,609582.9985530308,-69770.83333333331,-18058.33333333333,-9029.166666666666,-6156.25,-103014.58333333331,506568.41521969746,1.2100944559429383,forecast_v2
2024-10-01,EU,840691.9345106294,-383503.8795370547,1224195.814047684,-69770.83333333331,-18058.33333333333,-9029.166666666666,-6156.25,-103014.58333333331,1121181.2307143507,1.3336409981939406,forecast_v2
2024-10-01,OTHER,584149.6041561901,-266475.30471948546,850624.9088756755,-69770.83333333331,-18058.33333333333,-9029.166666666666,-6156.25,-103014.58333333331,747610.3255423422,1.279826811870005,forecast_v2
2024-11-01,APAC,678390.1011037672,-309465.6020035125,987855.7031072797,-69770.83333333331,-18058.33333333333,-9029.166666666666,-6156.25,-103014.58333333331,884841.1197739465,1.304324927993901,forecast_v2
2024-11-01,EU,711240.77364588,-324451.30586022354,1035692.0795061036,-69770.83333333331,-18058.33333333333,-9029.166666666666,-6156.25,-103014.58333333331,932677.4961727704,1.311338622210573,forecast_v2
2024-11-01,OTHER,566836.8504194675,-258577.6338237041,825414.4842431716,-69770.83333333331,-18058.33333333333,-9029.166666666666,-6156.25,-103014.58333333331,722399.9009098383,1.2744406091016345,forecast_v2
2024-12-01,APAC,829108.9625893703,-378220.0002870921,1207328.9628764624,-69770.83333333331,-18058.33333333333,-9029.166666666666,-6156.25,-103014.58333333331,1104314.3795431291,1.3319291303935148,forecast_v2
2024-12-01,EU,555662.4306057846,-253480.12643222703,809142.5570380117,-69770.83333333331,-18058.33333333333,-9029.166666666666,-6156.25,-103014.58333333331,706127.9737046785,1.2707858851188767,forecast_v2
2024-12-01,OTHER,793715.1851204222,-362074.19180052186,1155789.376920944,-69770.83333333331,-18058.33333333333,-9029.166666666666,-6156.25,-103014.58333333331,1052774.7935876108,1.3263886256981265,forecast_v2
2025-01-01,APAC,723053.9546098673,-329840.2010587954,1052894.1556686626,-69770.83333333331,-18058.33333333333,-9029.166666666666,-6156.25,-103014.58333333331,949879.5723353294,1.313704968044672,forecast_v2
2025-01-01,EU,782620.9289052538,-357013.25315648474,1139634.1820617386,-69770.83333333331,-18058.33333333333,-9029.166666666666,-6156.25,-103014.58333333331,1036619.5987284053,1.324548782740132,forecast_v2
2025-01-01,OTHER,762638.6089747255,-347897.78897641145,1110536.3979511368,-69770.83333333331,-18058.33333333333,-9029.166666666666,-6156.25,-103014.58333333331,1007521.8146178036,1.3210999322107408,forecast_v2
2025-02-01,APAC,660854.8700627382,-301466.4421962667,962321.3122590049,-69770.83333333331,-18058.33333333333,-9029.166666666666,-6156.25,-103014.58333333331,859306.7289256717,1.3002956743650742,forecast_v2
2025-02-01,EU,1113274.4808736318,-507849.62348088314,1621124.104354515,-69770.83333333331,-18058.33333333333,-9029.166666666666,-6156.25,-103014.58333333331,1518109.5210211817,1.3636435102957354,forecast_v2
2025-02-01,OTHER,938721.7245946536,-428222.76319009054,1366944.4877847442,-69770.83333333331,-18058.33333333333,-9029.166666666666,-6156.25,-103014.58333333331,1263929.904451411,1.346437257534638,forecast_v2
2025-03-01,APAC,496093.3992629728,-226306.13595790317,722399.535220876,-69770.83333333331,-18058.33333333333,-9029.166666666666,-6156.25,-103014.58333333331,619384.9518875426,1.248524880209532,forecast_v2
2025-03-01,EU,856087.7392222867,-390527.0833922843,1246614.822614571,-69770.83333333331,-18058.33333333333,-9029.166666666666,-6156.25,-103014.58333333331,1143600.2392812378,1.3358446650808735,forecast_v2
2025-03-01,OTHER,958937.6999060095,-437444.8154571237,1396382.515363133,-69770.83333333331,-18058.33333333333,-9029.166666666666,-6156.25,-103014.58333333331,1293367.9320297998,1.348750739653441,forecast_v2
2025-04-01,APAC,849351.4701460504,-387454.15594015404,1236805.6260862045,-69770.83333333331,-18058.33333333333,-9029.166666666666,-6156.25,-103014.58333333331,1133791.0427528713,1.3348903046672893,forecast_v2
2025-04-01,EU,853202.1463065309,-389210.7438004204,1242412.8901069514,-69770.83333333331,-18058.33333333333,-9029.166666666666,-6156.25,-103014.58333333331,1139398.306773618,1.3354376939931714,forecast_v2
2025-04-01,OTHER,788058.3559835867,-359493.67945015966,1147552.0354337464,-69770.83333333331,-18058.33333333333,-9029.166666666666,-6156.25,-103014.58333333331,1044537.4521004132,1.325456984459877,forecast_v2
2025-05-01,APAC,893831.5603140481,-407744.92648443783,1301576.486798486,-69770.83333333331,-18058.33333333333,-9029.166666666666,-6156.25,-103014.58333333331,1198561.9034651527,1.3409259156658526,forecast_v2
2025-05-01,EU,921071.2166169152,-420171.0167567164,1341242.2333736317,-69770.83333333331,-18058.33333333333,-9029.166666666666,-6156.25,-103014.58333333331,1238227.6500402985,1.3443343225818036,forecast_v2
2025-05-01,OTHER,932528.6602975144,-425397.6329768956,1357926.29327441,-69770.83333333331,-18058.33333333333,-9029.166666666666,-6156.25,-103014.58333333331,1254911.7099410768,1.3457084627733684,forecast_v2
2025-06-01,APAC,675450.2493113042,-308124.51078877435,983574.7601000785,-69770.83333333331,-18058.33333333333,-9029.166666666666,-6156.25,-103014.58333333331,880560.1767667453,1.3036640043653447,forecast_v2
2025-06-01,EU,985794.6632164121,-449696.3301907809,1435490.993407193,-69770.83333333331,-18058.33333333333,-9029.166666666666,-6156.25,-103014.58333333331,1332476.4100738598,1.3516774433798497,forecast_v2
2025-06-01,OTHER,1032938.882903552,-471202.41393629677,1504141.2968398489,-69770.83333333331,-18058.33333333333,-9029.166666666666,-6156.25,-103014.58333333331,1401126.7135065156,1.35644686892607,forecast_v2
2025-07-01,APAC,1037411.8822482544,-473242.8909903065,1510654.7732385609,-69770.83333333331,-18058.33333333333,-9029.166666666666,-6156.25,-103014.58333333331,1407640.1899052276,1.3568768721393698,forecast_v2
2025-07-01,EU,923745.2243821751,-421390.83618139813,1345136.0605635731,-69770.83333333331,-18058.33333333333,-9029.166666666666,-6156.25,-103014.58333333331,1242121.47723024,1.3446580771889816,forecast_v2
2025-07-01,OTHER,476204.3690912643,-217233.22837075024,693437.5974620145,-69770.83333333331,-18058.33333333333,-9029.166666666666,-6156.25,-103014.58333333331,590423.0141286813,1.2398521568699152,forecast_v2
2025-08-01,APAC,986548.711221128,-450040.30914822634,1436589.0203693544,-69770.83333333331,-18058.33333333333,-9029.166666666666,-6156.25,-103014.58333333331,1333574.4370360211,1.351757315039571,forecast_v2
2025-08-01,EU,830926.1488201531,-379048.95788825216,1209975.1067084053,-69770.83333333331,-18058.33333333333,-9029.166666666666,-6156.25,-103014.58333333331,1106960.523375072,1.3322008519612303,forecast_v2
2025-08-01,OTHER,651959.4801831361,-297408.5746364835,949368.0548196195,-69770.83333333331,-18058.33333333333,-9029.166666666666,-6156.25,-103014.58333333331,846353.4714862863,1.298168823695216,forecast_v2
2025-09-01,APAC,682115.4160446003,-311165.00302505144,993280.4190696517,-69770.83333333331,-18058.33333333333,-9029.166666666666,-6156.25,-103014.58333333331,890265.8357363185,1.30515425219199,forecast_v2
2025-09-01,EU,909004.4718985852,-414666.4517396193,1323670.9236382046,-69770.83333333331,-18058.33333333333,-9029.166666666666,-6156.25,-103014.58333333331,1220656.3403048713,1.3428496537045158,forecast_v2
2025-09-01,OTHER,580306.5640753482,-264722.2002590779,845028.764334426,-69770.83333333331,-18058.33333333333,-9029.166666666666,-6156.25,-103014.58333333331,742014.1810010928,1.2786589484532318,forecast_v2
2025-10-01,APAC,584181.1644434006,-266489.70177991595,850670.8662233165,-69770.83333333331,-18058.33333333333,-9029.166666666666,-6156.25,-103014.58333333331,747656.2828899832,1.27983633913007,forecast_v2
2025-10-01,EU,656136.4844021965,-299314.0256787667,955450.5100809631,-69770.83333333331,-18058.33333333333,-9029.166666666666,-6156.25,-103014.58333333331,852435.9267476299,1.2991747098536688,forecast_v2
2025-10-01,OTHER,818336.9951215694,-373306.08218633936,1191643.0773079088,-69770.83333333331,-18058.33333333333,-9029.166666666666,-6156.25,-103014.58333333331,1088628.4939745755,1.3302936326529544,forecast_v2
2025-11-01,APAC,551624.2514588939,-251638.00412139532,803262.2555802892,-69770.83333333331,-18058.33333333333,-9029.166666666666,-6156.25,-103014.58333333331,700247.6722469558,1.269428728695292,forecast_v2
2025-11-01,EU,963805.7731603109,-439665.515932836,1403471.289093147,-69770.83333333331,-18058.33333333333,-9029.166666666666,-6156.25,-103014.58333333331,1300456.7057598138,1.3492933347925768,forecast_v2
2025-11-01,OTHER,819131.616208342,-373668.5696291584,1192800.1858375005,-69770.83333333331,-18058.33333333333,-9029.166666666666,-6156.25,-103014.58333333331,1089785.6025041672,1.3304157487518902,forecast_v2
2025-12-01,APAC,869005.7840767003,-396419.9915008712,1265425.7755775715,-69770.83333333331,-18058.33333333333,-9029.166666666666,-6156.25,-103014.58333333331,1162411.1922442382,1.33763343529327,forecast_v2
2025-12-01,EU,639667.2584260608,-291801.15229965304,931468.4107257138,-69770.83333333331,-18058.33333333333,-9029.166666666666,-6156.25,-103014.58333333331,828453.8273923805,1.295132455944111,forecast_v2
2025-12-01,OTHER,629258.4857179861,-287052.9151025284,916311.4008205145,-69770.83333333331,-18058.33333333333,-9029.166666666666,-6156.25,-103014.58333333331,813296.8174871812,1.2924685736406187,forecast_v2
2026-01-01,APAC,873725.0912009376,-398572.82836842776,1272297.9195693654,-69770.83333333331,-18058.33333333333,-9029.166666666666,-6156.25,-103014.58333333331,1169283.3362360322,1.3382737293590241,forecast_v2
2026-01-01,EU,867934.8484902796,-395931.45588483044,1263866.3043751102,-69770.83333333331,-18058.33333333333,-9029.166666666666,-6156.25,-103014.58333333331,1160851.721041777,1.3374871663017203,forecast_v2
2026-01-01,OTHER,805521.8924121453,-367460.1338621286,1172982.0262742739,-69770.83333333331,-18058.33333333333,-9029.166666666666,-6156.25,-103014.58333333331,1069967.4429409406,1.3282909540011505,forecast_v2
2026-02-01,APAC,657483.2186608452,-299928.3741596973,957411.5928205425,-69770.83333333331,-18058.33333333333,-9029.166666666666,-6156.25,-103014.58333333331,854397.0094872091,1.2994962992780803,forecast_v2
2026-02-01,EU,1065238.7618175477,-485936.8586997107,1551175.6205172585,-69770.83333333331,-18058.33333333333,-9029.166666666666,-6156.25,-103014.58333333331,1448161.0371839253,1.3594708426803979,forecast_v2
2026-02-01,OTHER,856664.2785812225,-390790.0870821988,1247454.3656634213,-69770.83333333331,-18058.33333333333,-9029.166666666666,-6156.25,-103014.58333333331,1144439.782330088,1.3359256489899045,forecast_v2
2026-03-01,APAC,703686.8850816132,-321005.3996357594,1024692.2847173726,-69770.83333333331,-18058.33333333333,-9029.166666666666,-6156.25,-103014.58333333331,921677.7013840394,1.3097838270456663,forecast_v2
2026-03-01,EU,747625.6519480869,-341049.23122690665,1088674.8831749936,-69770.83333333331,-18058.33333333333,-9029.166666666666,-6156.25,-103014.58333333331,985660.2998416603,1.3183874807844367,forecast_v2
2026-03-01,OTHER,871214.5910560424,-397427.59727291815,1268642.1883289604,-69770.83333333331,-18058.33333333333,-9029.166666666666,-6156.25,-103014.58333333331,1165627.6049956272,1.3379339797129801,forecast_v2
2026-04-01,APAC,831985.028912053,-379531.9940713512,1211517.022983404,-69770.83333333331,-18058.33333333333,-9029.166666666666,-6156.25,-103014.58333333331,1108502.4396500709,1.3323586376303027,forecast_v2
2026-04-01,EU,747591.9352406869,-341033.85045832506,1088625.785699012,-69770.83333333331,-18058.33333333333,-9029.166666666666,-6156.25,-103014.58333333331,985611.2023656787,1.3183812664436538,forecast_v2
2026-04-01,OTHER,939490.8780960656,-428573.6329197053,1368064.511015771,-69770.83333333331,-18058.33333333333,-9029.166666666666,-6156.25,-103014.58333333331,1265049.9276824377,1.3465271001312296,forecast_v2
2026-05-01,APAC,940464.7418804284,-429017.8866636894,1369482.6285441178,-69770.83333333331,-18058.33333333333,-9029.166666666666,-6156.25,-103014.58333333331,1266468.0452107845,1.3466406435168672,forecast_v2
2026-05-01,EU,849889.7040659777,-387699.6855900975,1237589.3896560753,-69770.83333333331,-18058.33333333333,-9029.166666666666,-6156.25,-103014.58333333331,1134574.806322742,1.334967115020685,forecast_v2
2026-05-01,OTHER,616035.9948524176,-281021.12588708807,897057.1207395056,-69770.83333333331,-18058.33333333333,-9029.166666666666,-6156.25,-103014.58333333331,794042.5374061724,1.2889547754371065,forecast_v2
2026-06-01,APAC,694365.3351226288,-316753.127875058,1011118.4629976868,-69770.83333333331,-18058.33333333333,-9029.166666666666,-6156.25,-103014.58333333331,908103.8796643536,1.3078185700384615,forecast_v2
2026-06-01,EU,808652.0869607284,-368888.05496355577,1177540.1419242842,-69770.83333333331,-18058.33333333333,-9029.166666666666,-6156.25,-103014.58333333331,1074525.558590951,1.3287859833881002,forecast_v2
2026-06-01,OTHER,551088.703577673,-251393.69977910907,802482.403356782,-69770.83333333331,-18058.33333333333,-9029.166666666666,-6156.25,-103014.58333333331,699467.8200234487,1.2692472472806957,forecast_v2
2026-07-01,APAC,719516.3650846357,-328226.4359547852,1047742.8010394209,-69770.83333333331,-18058.33333333333,-9029.166666666666,-6156.25,-103014.58333333331,944728.2177060875,1.313004489612909,forecast_v2
2026-07-01,EU,812875.1934468942,-370814.5367753331,1183689.7302222273,-69770.83333333331,-18058.33333333333,-9029.166666666666,-6156.25,-103014.58333333331,1080675.146888894,1.3294478114240738,forecast_v2
2026-07-01,OTHER,977588.1921171836,-445952.7311687504,1423540.923285934,-69770.83333333331,-18058.33333333333,-9029.166666666666,-6156.25,-103014.58333333331,1320526.3399526007,1.350800214856021,forecast_v2
2026-08-01,APAC,1057803.9075502616,-482545.25312072225,1540349.1606709838,-69770.83333333331,-18058.33333333333,-9029.166666666666,-6156.25,-103014.58333333331,1437334.5773376506,1.3587911399063872,forecast_v2
2026-08-01,EU,632533.3569113945,-288546.83428516844,921080.191196563,-69770.83333333331,-18058.33333333333,-9029.166666666666,-6156.25,-103014.58333333331,818065.6078632297,1.2933161530923414,forecast_v2
2026-08-01,OTHER,712351.1163725066,-324957.81808639923,1037308.9344589058,-69770.83333333331,-18058.33333333333,-9029.166666666666,-6156.25,-103014.58333333331,934294.3511255726,1.3115643811766082,forecast_v2
2026-09-01,APAC,809103.1706380438,-369093.8287234135,1178196.9993614573,-69770.83333333331,-18058.33333333333,-9029.166666666666,-6156.25,-103014.58333333331,1075182.416028124,1.3288570049481516,forecast_v2
2026-09-01,EU,755505.3671677223,-344643.77190504037,1100149.1390727628,-69770.83333333331,-18058.33333333333,-9029.166666666666,-6156.25,-103014.58333333331,997134.5557394295,1.319824582421617,forecast_v2
2026-09-01,OTHER,869494.3053342637,-396642.8434039538,1266137.1487382175,-69770.83333333331,-18058.33333333333,-9029.166666666666,-6156.25,-103014.58333333331,1163122.5654048843,1.3377000381362356,forecast_v2
2026-10-01,APAC,722120.3891762013,-329414.3304742024,1051534.7196504036,-69770.83333333331,-18058.33333333333,-9029.166666666666,-6156.25,-103014.58333333331,948520.1363170703,1.3135207792694332,forecast_v2
2026-10-01,EU,858871.3224321263,-391796.8885565375,1250668.2109886638,-69770.83333333331,-18058.33333333333,-9029.166666666666,-6156.25,-103014.58333333331,1147653.6276553306,1.3362346578360995,forecast_v2
2026-10-01,OTHER,582198.7013469961,-265585.34876152675,847784.0501085229,-69770.83333333331,-18058.33333333333,-9029.166666666666,-6156.25,-103014.58333333331,744769.4667751896,1.279235877806089,forecast_v2
2026-11-01,APAC,994628.208050736,-453725.9854960857,1448354.1935468218,-69770.83333333331,-18058.33333333333,-9029.166666666666,-6156.25,-103014.58333333331,1345339.6102134886,1.3526055256869034,forecast_v2
2026-11-01,EU,716089.6573436138,-326663.2525117485,1042752.9098553623,-69770.83333333331,-18058.33333333333,-9029.166666666666,-6156.25,-103014.58333333331,939738.326522029,1.3123193679518512,forecast_v2
2026-11-01,OTHER,805712.7349208774,-367547.1917242002,1173259.9266450775,-69770.83333333331,-18058.33333333333,-9029.166666666666,-6156.25,-103014.58333333331,1070245.3433117443,1.3283212451852886,forecast_v2
2026-12-01,APAC,916666.2432128416,-418161.571536211,1334827.8147490525,-69770.83333333331,-18058.33333333333,-9029.166666666666,-6156.25,-103014.58333333331,1231813.2314157193,1.3437968732199768,forecast_v2
2026-12-01,EU,766376.7205288026,-349603.02751181554,1115979.7480406181,-69770.83333333331,-18058.33333333333,-9029.166666666666,-6156.25,-103014.58333333331,1012965.1647072849,1.3217587872558751,forecast_v2
2026-12-01,OTHER,591989.3889079485,-270051.63005771424,862041.0189656627,-69770.83333333331,-18058.33333333333,-9029.166666666666,-6156.25,-103014.58333333331,759026.4356323294,1.282162231036804,forecast_v2
2024-01-01,APAC,652444.9366006468,-302094.92534781434,954539.8619484612,-70302.08333333331,-18195.83333333333,-9097.916666666666,-6203.125,-103798.95833333331,850740.9036151278,1.3039275130980983,forecast_v3
2024-01-01,EU,768982.9157471654,-356054.3173754078,1125037.2331225732,-70302.08333333331,-18195.83333333333,-9097.916666666666,-6203.125,-103798.95833333331,1021238.27478924,1.3280376636156814,forecast_v3
2024-01-01,OTHER,542971.7796521428,-251406.68589537087,794378.4655475137,-70302.08333333331,-18195.83333333333,-9097.916666666666,-6203.125,-103798.95833333331,690579.5072141804,1.271851564102656,forecast_v3
2024-02-01,APAC,784434.5123045816,-363208.7125537004,1147643.224858282,-70302.08333333331,-18195.83333333333,-9097.916666666666,-6203.125,-103798.95833333331,1043844.2665249486,1.3306965083143143,forecast_v3
2024-02-01,EU,817937.9195645357,-378721.4535488664,1196659.3731134022,-70302.08333333331,-18195.83333333333,-9097.916666666666,-6203.125,-103798.95833333331,1092860.414780069,1.336116578825322,forecast_v3
2024-02-01,OTHER,893895.2161911423,-413891.18599186896,1307786.4021830112,-70302.08333333331,-18195.83333333333,-9097.916666666666,-6203.125,-103798.95833333331,1203987.443849678,1.346899974450952,forecast_v3
2024-03-01,APAC,658562.7918322058,-304927.6134656743,963490.4052978801,-70302.08333333331,-18195.83333333333,-9097.916666666666,-6203.125,-103798.95833333331,859691.4469645468,1.3054054338125836,forecast_v3
2024-03-01,EU,712703.3975362881,-329995.7859978665,1042699.1835341547,-70302.08333333331,-18195.83333333333,-9097.916666666666,-6203.125,-103798.95833333331,938900.2252008214,1.3173786296606174,forecast_v3
2024-03-01,OTHER,658912.4767390104,-305089.52450197854,964002.001240989,-70302.08333333331,-18195.83333333333,-9097.916666666666,-6203.125,-103798.95833333331,860203.0429076557,1.3054890797710221,forecast_v3
2024-04-01,APAC,828559.3265544089,-383639.3753100686,1212198.7018644775,-70302.08333333331,-18195.83333333333,-9097.916666666666,-6203.125,-103798.95833333331,1108399.7435311442,1.3377433673222423,forecast_v3
2024-04-01,EU,772883.3092353934,-357860.276795972,1130743.5860313654,-70302.08333333331,-18195.83333333333,-9097.916666666666,-6203.125,-103798.95833333331,1026944.6276980322,1.3287188575905196,forecast_v3
2024-04-01,OTHER,926574.662625056,-429022.4168085222,1355597.079433578,-70302.08333333331,-18195.83333333333,-9097.916666666666,-6203.125,-103798.95833333331,1251798.1211002448,1.3509954152575316,forecast_v3
2024-05-01,APAC,1232689.1124084454,-570759.4687305045,1803448.5811389498,-70302.08333333331,-18195.83333333333,-9097.916666666666,-6203.125,-103798.95833333331,1699649.6228056166,1.3788145005067962,forecast_v3
2024-05-01,EU,992034.264139174,-459331.50853929174,1451365.7726784658,-70302.08333333331,-18195.83333333333,-9097.916666666666,-6203.125,-103798.95833333331,1347566.8143451326,1.3583873693258646,forecast_v3
2024-05-01,OTHER,766555.4548413526,-354930.3549074837,1121485.8097488363,-70302.08333333331,-18195.83333333333,-9097.916666666666,-6203.125,-103798.95833333331,1017686.8514155031,1.327610213961787,forecast_v3
2024-06-01,APAC,632668.1367317811,-292937.87538873014,925606.0121205111,-70302.08333333331,-18195.83333333333,-9097.916666666666,-6203.125,-103798.95833333331,821807.0537871779,1.2989543902628717,forecast_v3
2024-06-01,EU,734053.8889869975,-339881.4863215539,1073935.3753085514,-70302.08333333331,-18195.83333333333,-9097.916666666666,-6203.125,-103798.95833333331,970136.4169752181,1.3216147091244446,forecast_v3
2024-06-01,OTHER,857086.0624099197,-396847.81889702857,1253933.8813069481,-70302.08333333331,-18195.83333333333,-9097.916666666666,-6203.125,-103798.95833333331,1150134.922973615,1.3419129926576012,forecast_v3
2024-07-01,APAC,873526.5208368647,-404460.07670233643,1277986.5975392011,-70302.08333333331,-18195.83333333333,-9097.916666666666,-6203.125,-103798.95833333331,1174187.639205868,1.3441923183751316,forecast_v3
2024-07-01,EU,662882.7944121037,-306927.86020477256,969810.6546168763,-70302.08333333331,-18195.83333333333,-9097.916666666666,-6203.125,-103798.95833333331,866011.696283543,1.306432605558257,forecast_v3
2024-07-01,OTHER,754074.4970823206,-349151.42431737354,1103225.9213996942,-70302.08333333331,-18195.83333333333,-9097.916666666666,-6203.125,-103798.95833333331,999426.9630663609,1.3253690012503576,forecast_v3
2024-08-01,APAC,914399.44228059,-423385.0486955623,1337784.4909761522,-70302.08333333331,-18195.83333333333,-9097.916666666666,-6203.125,-103798.95833333331,1233985.532642819,1.3495038115565274,forecast_v3
2024-08-01,EU,732482.2001926112,-339153.76328720263,1071635.963479814,-70302.08333333331,-18195.83333333333,-9097.916666666666,-6203.125,-103798.95833333331,967837.0051464806,1.3213112958812943,forecast_v3
2024-08-01,OTHER,872710.9051963825,-404082.4305099883,1276793.3357063709,-70302.08333333331,-18195.83333333333,-9097.916666666666,-6203.125,-103798.95833333331,1172994.3773730376,1.3440812649282565,forecast_v3
2024-09-01,APAC,859663.5037427562,-398041.22527257423,1257704.7290153303,-70302.08333333331,-18195.83333333333,-9097.916666666666,-6203.125,-103798.95833333331,1153905.770681997,1.3422760948419759,forecast_v3
2024-09-01,EU,1004692.4995365287,-465192.5221863936,1469885.0217229223,-70302.08333333331,-18195.83333333333,-9097.916666666666,-6203.125,-103798.95833333331,1366086.063389589,1.3597056452793004,forecast_v3
2024-09-01,OTHER,508217.5831703148,-235314.80472237398,743532.3878926887,-70302.08333333331,-18195.83333333333,-9097.916666666666,-6203.125,-103798.95833333331,639733.4295593554,1.2587786230626474,forecast_v3
2024-10-01,APAC,414514.79737329896,-191928.5593976468,606443.3567709457,-70302.08333333331,-18195.83333333333,-9097.916666666666,-6203.125,-103798.95833333331,502644.3984376124,1.2126090591283445,forecast_v3
2024-10-01,EU,832449.8567213094,-385440.7678175449,1217890.6245388542,-70302.08333333331,-18195.83333333333,-9097.916666666666,-6203.125,-103798.95833333331,1114091.666205521,1.3383288581410624,forecast_v3
2024-10-01,OTHER,578422.647252698,-267821.1395918061,846243.7868445041,-70302.08333333331,-18195.83333333333,-9097.916666666666,-6203.125,-103798.95833333331,742444.8285111708,1.2835680484460972,forecast_v3
2024-11-01,APAC,671739.2177596126,-311028.5595893889,982767.7773490015,-70302.08333333331,-18195.83333333333,-9097.916666666666,-6203.125,-103798.95833333331,878968.8190156682,1.3084971009243864,forecast_v3
2024-11-01,EU,704267.824884646,-326089.94881911355,1030357.7737037595,-70302.08333333331,-18195.83333333333,-9097.916666666666,-6203.125,-103798.95833333331,926558.8153704263,1.3156341701712555,forecast_v3
2024-11-01,OTHER,561279.6263957473,-259883.58146927843,821163.2078650257,-70302.08333333331,-18195.83333333333,-9097.916666666666,-6203.125,-103798.95833333331,717364.2495316924,1.2780870991848416,forecast_v3
2024-12-01,APAC,820980.4433482981,-380130.2023087441,1201110.645657042,-70302.08333333331,-18195.83333333333,-9097.916666666666,-6203.125,-103798.95833333331,1097311.6873237088,1.3365868775733774,forecast_v3
2024-12-01,EU,550214.7597174926,-254760.32909097566,804975.0888084683,-70302.08333333331,-18195.83333333333,-9097.916666666666,-6203.125,-103798.95833333331,701176.130475135,1.2743680864452882,forecast_v3
2024-12-01,OTHER,785933.663697673,-363902.84933486796,1149836.513032541,-70302.08333333331,-18195.83333333333,-9097.916666666666,-6203.125,-103798.95833333331,1046037.5546992077,1.3309489121229314,forecast_v3
2025-01-01,APAC,715965.1903489863,-331506.0606601024,1047471.2510090887,-70302.08333333331,-18195.83333333333,-9097.916666666666,-6203.125,-103798.95833333331,943672.2926757555,1.3180421414283798,forecast_v3
2025-01-01,EU,774948.1747003002,-358816.3503946489,1133764.5250949492,-70302.08333333331,-18195.83333333333,-9097.916666666666,-6203.125,-103798.95833333331,1029965.5667616159,1.3290767052389534,forecast_v3
2025-01-01,OTHER,755161.7598671302,-349654.8485166964,1104816.6083838267,-70302.08333333331,-18195.83333333333,-9097.916666666666,-6203.125,-103798.95833333331,1001017.6500504934,1.325567187388595,forecast_v3
2025-02-01,APAC,654375.9007483976,-302988.99998513673,957364.9007335342,-70302.08333333331,-18195.83333333333,-9097.916666666666,-6203.125,-103798.95833333331,853565.942400201,1.3043969703407376,forecast_v3
2025-02-01,EU,1102360.0251787922,-510414.5205691704,1612774.5457479625,-70302.08333333331,-18195.83333333333,-9097.916666666666,-6203.125,-103798.95833333331,1508975.5874146293,1.3688591321786074,forecast_v3
2025-02-01,OTHER,929518.570431961,-430385.5044183233,1359904.0748502843,-70302.08333333331,-18195.83333333333,-9097.916666666666,-6203.125,-103798.95833333331,1256105.116516951,1.3513502112531441,forecast_v3
2025-03-01,APAC,491229.7384858848,-227449.0962405188,718678.8347264036,-70302.08333333331,-18195.83333333333,-9097.916666666666,-6203.125,-103798.95833333331,614879.8763930702,1.251715497291169,forecast_v3
2025-03-01,EU,847694.722171088,-392499.4423993161,1240194.1645704042,-70302.08333333331,-18195.83333333333,-9097.916666666666,-6203.125,-103798.95833333331,1136395.206237071,1.3405712888321077,forecast_v3
2025-03-01,OTHER,949536.3499069308,-439654.1327069071,1389190.4826138378,-70302.08333333331,-18195.83333333333,-9097.916666666666,-6203.125,-103798.95833333331,1285391.5242805046,1.3537043888909495,forecast_v3
2025-04-01,APAC,841024.49494854,-389410.99511156906,1230435.4900601092,-70302.08333333331,-18195.83333333333,-9097.916666666666,-6203.125,-103798.95833333331,1126636.531726776,1.3396001406543,forecast_v3
2025-04-01,EU,844837.419381957,-391176.45462769526,1236013.8740096523,-70302.08333333331,-18195.83333333333,-9097.916666666666,-6203.125,-103798.95833333331,1132214.915676319,1.3401571588822305,forecast_v3
2025-04-01,OTHER,780332.2936700222,-361309.3040938473,1141641.5977638694,-70302.08333333331,-18195.83333333333,-9097.916666666666,-6203.125,-103798.95833333331,1037842.6394305362,1.330000882764192,forecast_v3
2025-05-01,APAC,885068.5058011651,-409804.24429496523,1294872.7500961304,-70302.08333333331,-18195.83333333333,-9097.916666666666,-6203.125,-103798.95833333331,1191073.7917627972,1.3457419216206723,forecast_v3
2025-05-01,EU,912041.1066500829,-422293.092598922,1334334.199249005,-70302.08333333331,-18195.83333333333,-9097.916666666666,-6203.125,-103798.95833333331,1230535.2409156717,1.3492102844305058,forecast_v3
2025-05-01,OTHER,923386.2224514604,-427546.10587071825,1350932.3283221787,-70302.08333333331,-18195.83333333333,-9097.916666666666,-6203.125,-103798.95833333331,1247133.3699888454,1.350608596560908,forecast_v3
2025-06-01,APAC,668828.1880435463,-309680.69518669735,978508.8832302436,-70302.08333333331,-18195.83333333333,-9097.916666666666,-6203.125,-103798.95833333331,874709.9248969103,1.3078245512582365,forecast_v3
2025-06-01,EU,976130.0096554669,-451967.523777603,1428097.53343307,-70302.08333333331,-18195.83333333333,-9097.916666666666,-6203.125,-103798.95833333331,1324298.5750997367,1.3566825750671867,forecast_v3
2025-06-01,OTHER,1022812.03111038,-473582.2241076922,1496394.255218072,-70302.08333333331,-18195.83333333333,-9097.916666666666,-6203.125,-103798.95833333331,1392595.2968847388,1.3615358976301017,forecast_v3
2025-07-01,APAC,1027241.1775203302,-475633.00660136866,1502874.1841216988,-70302.08333333331,-18195.83333333333,-9097.916666666666,-6203.125,-103798.95833333331,1399075.2257883656,1.3619734648542907,forecast_v3
2025-07-01,EU,914688.898652938,-423519.07272776886,1338207.9713807069,-70302.08333333331,-18195.83333333333,-9097.916666666666,-6203.125,-103798.95833333331,1234409.0130473736,1.3495397340727404,forecast_v3
2025-07-01,OTHER,471535.69880605576,-218330.36588777427,689866.06469383,-70302.08333333331,-18195.83333333333,-9097.916666666666,-6203.125,-103798.95833333331,586067.1063604967,1.24289021561769,forecast_v3
2025-08-01,APAC,976876.6650326856,-452313.2400025103,1429189.9050351959,-70302.08333333331,-18195.83333333333,-9097.916666666666,-6203.125,-103798.95833333331,1325390.9467018626,1.3567638517166505,forecast_v3
2025-08-01,EU,822779.8140277987,-380963.3465644555,1203743.1605922543,-70302.08333333331,-18195.83333333333,-9097.916666666666,-6203.125,-103798.95833333331,1099944.202258921,1.3368633788842053,forecast_v3
2025-08-01,OTHER,645567.7205734975,-298910.6381447486,944478.358718246,-70302.08333333331,-18195.83333333333,-9097.916666666666,-6203.125,-103798.95833333331,840679.4003849127,1.3022327071094657,forecast_v3
2025-09-01,APAC,675428.0100049473,-312736.54344436986,988164.5534493171,-70302.08333333331,-18195.83333333333,-9097.916666666666,-6203.125,-103798.95833333331,884365.5951159839,1.3093410134257035,forecast_v3
2025-09-01,EU,900092.66335056,-416760.7267484053,1316853.3900989653,-70302.08333333331,-18195.83333333333,-9097.916666666666,-6203.125,-103798.95833333331,1213054.431765632,1.3476994993494158,forecast_v3
2025-09-01,OTHER,574617.2840353936,-266059.1810684672,840676.4651038608,-70302.08333333331,-18195.83333333333,-9097.916666666666,-6203.125,-103798.95833333331,736877.5067705275,1.2823796416209774,forecast_v3
2025-10-01,APAC,578453.898125328,-267835.60936466296,846289.5074899909,-70302.08333333331,-18195.83333333333,-9097.916666666666,-6203.125,-103798.95833333331,742490.5491566577,1.2835777432963023,forecast_v3
2025-10-01,EU,649703.7737708024,-300825.71267714427,950529.4864479466,-70302.08333333331,-18195.83333333333,-9097.916666666666,-6203.125,-103798.95833333331,846730.5281146134,1.3032562874004738,forecast_v3
2025-10-01,OTHER,810314.0834046913,-375191.4664398058,1185505.549844497,-70302.08333333331,-18195.83333333333,-9097.916666666666,-6203.125,-103798.95833333331,1081706.5915111639,1.3349226104600878,forecast_v3
2025-11-01,APAC,546216.170562238,-252908.90313210947,799125.0736943474,-70302.08333333331,-18195.83333333333,-9097.916666666666,-6203.125,-103798.95833333331,695326.1153610141,1.2729870568373918,forecast_v3
2025-11-01,EU,954356.6969528572,-441886.04884158773,1396242.7457944448,-70302.08333333331,-18195.83333333333,-9097.916666666666,-6203.125,-103798.95833333331,1292443.7874611116,1.3542565285995525,forecast_v3
2025-11-01,OTHER,811100.9140886524,-375555.7846272855,1186656.6987159378,-70302.08333333331,-18195.83333333333,-9097.916666666666,-6203.125,-103798.95833333331,1082857.7403826045,1.335046874653441,forecast_v3
2025-12-01,APAC,860486.1195269288,-398422.1126700675,1258908.2321969962,-70302.08333333331,-18195.83333333333,-9097.916666666666,-6203.125,-103798.95833333331,1155109.273863663,1.3423915245706808,forecast_v3
2025-12-01,EU,633396.0107944327,-293274.8954930856,926670.9062875183,-70302.08333333331,-18195.83333333333,-9097.916666666666,-6203.125,-103798.95833333331,822871.9479541851,1.2991429278534663,forecast_v3
2025-12-01,OTHER,623089.2848776139,-288502.67730001593,911591.9621776298,-70302.08333333331,-18195.83333333333,-9097.916666666666,-6203.125,-103798.95833333331,807793.0038442966,1.2964321862844455,forecast_v3
2026-01-01,APAC,865159.1589342619,-400585.82245109655,1265744.9813853584,-70302.08333333331,-18195.83333333333,-9097.916666666666,-6203.125,-103798.95833333331,1161946.0230520251,1.343043081787815,forecast_v3
2026-01-01,EU,859425.6833090023,-397931.1097024306,1257356.793011433,-70302.08333333331,-18195.83333333333,-9097.916666666666,-6203.125,-103798.95833333331,1153557.8346780997,1.3422426826210447,forecast_v3
2026-01-01,OTHER,797624.6189571242,-369315.9931240586,1166940.6120811827,-70302.08333333331,-18195.83333333333,-9097.916666666666,-6203.125,-103798.95833333331,1063141.6537478494,1.3328847035061213,forecast_v3
2026-02-01,APAC,651037.3047524055,-301443.1639281806,952480.4686805861,-70302.08333333331,-18195.83333333333,-9097.916666666666,-6203.125,-103798.95833333331,848681.5103472527,1.3035835337730959,forecast_v3
2026-02-01,EU,1054795.244544827,-488391.08525880025,1543186.3298036272,-70302.08333333331,-18195.83333333333,-9097.916666666666,-6203.125,-103798.95833333331,1439387.371470294,1.3646130648715895,forecast_v3
2026-02-01,OTHER,848265.6091833675,-392763.7743906947,1241029.383574062,-70302.08333333331,-18195.83333333333,-9097.916666666666,-6203.125,-103798.95833333331,1137230.4252407288,1.340653697296004,forecast_v3
2026-03-01,APAC,696787.9940514013,-322626.6390278592,1019414.6330792605,-70302.08333333331,-18195.83333333333,-9097.916666666666,-6203.125,-103798.95833333331,915615.6747459271,1.3140520252396644,forecast_v3
2026-03-01,EU,740295.9886936939,-342771.70209168905,1083067.6907853829,-70302.08333333331,-18195.83333333333,-9097.916666666666,-6203.125,-103798.95833333331,979268.7324520496,1.3228070223371606,forecast_v3
2026-03-01,OTHER,862673.271535885,-399434.8073601551,1262108.07889604,-70302.08333333331,-18195.83333333333,-9097.916666666666,-6203.125,-103798.95833333331,1158309.1205627068,1.3426973557445196,forecast_v3
2026-04-01,APAC,823828.3129423269,-381448.8223242368,1205277.1352665636,-70302.08333333331,-18195.83333333333,-9097.916666666666,-6203.125,-103798.95833333331,1101478.1769332304,1.337023940096534,forecast_v3
2026-04-01,EU,740262.6025422488,-342756.243642458,1083018.8461847068,-70302.08333333331,-18195.83333333333,-9097.916666666666,-6203.125,-103798.95833333331,979219.8878513735,1.3228006986824474,forecast_v3
2026-04-01,OTHER,930280.183212771,-430738.14621727954,1361018.3294300504,-70302.08333333331,-18195.83333333333,-9097.916666666666,-6203.125,-103798.95833333331,1257219.3710967172,1.351441634234156,forecast_v3
2026-05-01,APAC,931244.4993129731,-431184.6436670414,1362429.1429800144,-70302.08333333331,-18195.83333333333,-9097.916666666666,-6203.125,-103798.95833333331,1258630.1846466812,1.3515571749151134,forecast_v3
2026-05-01,EU,841557.4520653308,-389657.76481024944,1231215.2168755801,-70302.08333333331,-18195.83333333333,-9097.916666666666,-6203.125,-103798.95833333331,1127416.258542247,1.3396783021472485,forecast_v3
2026-05-01,OTHER,609996.4262754332,-282440.4245026795,892436.8507781127,-70302.08333333331,-18195.83333333333,-9097.916666666666,-6203.125,-103798.95833333331,788637.8924447794,1.2928565782919583,forecast_v3
2026-06-01,APAC,687557.8318371128,-318352.8911471542,1005910.7229842669,-70302.08333333331,-18195.83333333333,-9097.916666666666,-6203.125,-103798.95833333331,902111.7646509337,1.3120521981991622,forecast_v3
2026-06-01,EU,800724.1253238585,-370751.12594822026,1171475.2512720786,-70302.08333333331,-18195.83333333333,-9097.916666666666,-6203.125,-103798.95833333331,1067676.2929387453,1.33338844075282,forecast_v3
2026-06-01,OTHER,545685.873150441,-252663.3649295086,798349.2380799495,-70302.08333333331,-18195.83333333333,-9097.916666666666,-6203.125,-103798.95833333331,694550.2797466163,1.2728023830573576,forecast_v3
2026-07-01,APAC,712462.2830740019,-329884.1452272841,1042346.428301286,-70302.08333333331,-18195.83333333333,-9097.916666666666,-6203.125,-103798.95833333331,938547.4699679527,1.3173293411666367,forecast_v3
2026-07-01,EU,804905.8288052578,-372687.33746611775,1177593.1662713755,-70302.08333333331,-18195.83333333333,-9097.916666666666,-6203.125,-103798.95833333331,1073794.2079380422,1.3340619107354488,forecast_v3
2026-07-01,OTHER,968003.9941552505,-448205.01768980466,1416209.011845055,-70302.08333333331,-18195.83333333333,-9097.916666666666,-6203.125,-103798.95833333331,1312410.0535117218,1.3557899155747024,forecast_v3
2026-08-01,APAC,1047433.2810056512,-484982.3503587056,1532415.6313643567,-70302.08333333331,-18195.83333333333,-9097.916666666666,-6203.125,-103798.95833333331,1428616.6730310235,1.363921405723708,forecast_v3
2026-08-01,EU,626332.0494906945,-290004.1415290329,916336.1910197274,-70302.08333333331,-18195.83333333333,-9097.916666666666,-6203.125,-103798.95833333331,812537.2326863941,1.2972946751601062,forecast_v3
2026-08-01,OTHER,705367.2818982663,-326599.0191878457,1031966.3010861119,-70302.08333333331,-18195.83333333333,-9097.916666666666,-6203.125,-103798.95833333331,928167.3427527787,1.3158639003710502,forecast_v3
2026-09-01,APAC,801170.7866121804,-370957.93896949134,1172128.7255816718,-70302.08333333331,-18195.83333333333,-9097.916666666666,-6203.125,-103798.95833333331,1068329.7672483386,1.3334607116241255,forecast_v3
2026-09-01,EU,748098.451803333,-346384.39701567194,1094482.8488190048,-70302.08333333331,-18195.83333333333,-9097.916666666666,-6203.125,-103798.95833333331,990683.8904856716,1.3242694034422513,forecast_v3
2026-09-01,OTHER,860969.8513603981,-398646.09008781216,1259615.9414482103,-70302.08333333331,-18195.83333333333,-9097.916666666666,-6203.125,-103798.95833333331,1155816.983114877,1.342459298997053,forecast_v3
2026-10-01,APAC,715040.7775176113,-331078.0392139711,1046118.8167315824,-70302.08333333331,-18195.83333333333,-9097.916666666666,-6203.125,-103798.95833333331,942319.8583982491,1.3178547126636284,forecast_v3
2026-10-01,EU,850451.0153494581,-393775.66072096437,1244226.6760704224,-70302.08333333331,-18195.83333333333,-9097.916666666666,-6203.125,-103798.95833333331,1140427.7177370891,1.3409681417905968,forecast_v3
2026-10-01,OTHER,576490.8709416335,-266926.68890678696,843417.5598484204,-70302.08333333331,-18195.83333333333,-9097.916666666666,-6203.125,-103798.95833333331,739618.6015150871,1.2829667195024315,forecast_v3
2026-11-01,APAC,984876.9511090621,-456017.530877379,1440894.4819864412,-70302.08333333331,-18195.83333333333,-9097.916666666666,-6203.125,-103798.95833333331,1337095.523653108,1.3576269828910255,forecast_v3
2026-11-01,EU,709069.1705069116,-328313.06691837346,1037382.237425285,-70302.08333333331,-18195.83333333333,-9097.916666666666,-6203.125,-103798.95833333331,933583.2790919517,1.3166321678102795,forecast_v3
2026-11-01,OTHER,797813.5904608688,-369403.49067230226,1167217.081133171,-70302.08333333331,-18195.83333333333,-9097.916666666666,-6203.125,-103798.95833333331,1063418.1227998377,1.332915527530107,forecast_v3
2026-12-01,APAC,907679.3192597749,-420273.4986651818,1327952.8179249568,-70302.08333333331,-18195.83333333333,-9097.916666666666,-6203.125,-103798.95833333331,1224153.8595916235,1.3486633810164785,forecast_v3
2026-12-01,EU,758863.2232687164,-351368.6993679359,1110231.9226366524,-70302.08333333331,-18195.83333333333,-9097.916666666666,-6203.125,-103798.95833333331,1006432.9643033191,1.3262376320837166,forecast_v3
2026-12-01,OTHER,586185.5713696353,-271415.52717921784,857601.0985488531,-70302.08333333331,-18195.83333333333,-9097.916666666666,-6203.125,-103798.95833333331,753802.1402155198,1.2859445490175487,forecast_v3
